tweet_id,engagement_count
100003,25
100005,25
100008,25
100019,25
100022,25
100039,25
100040,25
100050,25
100051,25
100064,25
100068,25
100069,25
100070,25
100074,25
100077,25
100084,25
100085,25
100087,25
100096,25
100097,25
100099,25
100103,25
100106,25
100118,25
100119,25
100127,25
100136,25
100144,25
100147,25
100149,25
100152,25
100153,25
100156,25
100160,25
100161,25
100165,25
100171,25
100174,25
100178,25
100182,25
100183,25
100188,25
100190,25
100192,25
100195,25
100196,25
100202,25
100208,25
100219,25
100220,25
100221,25
100226,25
100227,25
100235,25
100237,25
100238,25
100241,25
100243,25
100246,25
100247,25
100251,25
100253,25
100268,25
100270,25
100272,25
100273,25
100276,25
100279,25
100280,25
100287,25
100288,25
100289,25
100291,25
100292,25
100293,25
100299,25
100303,25
100307,25
100317,25
100323,25
100324,25
100325,25
100328,25
100329,25
100332,25
100335,25
100338,25
100347,25
100355,25
100356,25
100359,25
100361,25
100366,25
100369,25
100374,25
100378,25
100379,25
100380,25
100381,25
100385,25
100389,25
100393,25
100394,25
100395,25
100405,25
100413,25
100415,25
100418,25
100419,25
100420,25
100422,25
100423,25
100426,25
100447,25
100448,25
100450,25
100454,25
100459,25
100460,25
100463,25
100464,25
100465,25
100468,25
100472,25
100478,25
100479,25
100484,25
100487,25
100488,25
100493,25
100494,25
100495,25
100496,25
100500,25
100502,25
100505,25
100507,25
100523,25
100525,25
100526,25
100528,25
100531,25
100540,25
100542,25
100543,25
100550,25
100551,25
100561,25
100564,25
100569,25
100573,25
100574,25
100575,25
100578,25
100580,25
100581,25
100582,25
100584,25
100587,25
100591,25
100600,25
100602,25
100603,25
100606,25
100610,25
100613,25
100614,25
100620,25
100621,25
100622,25
100623,25
100625,25
100627,25
100636,25
100642,25
100643,25
100645,25
100649,25
100655,25
100659,25
100660,25
100661,25
100662,25
100664,25
100665,25
100668,25
100669,25
100673,25
100674,25
100675,25
100691,25
100695,25
100696,25
100697,25
100699,25
100707,25
100709,25
100710,25
100714,25
100715,25
100729,25
100737,25
100743,25
100745,25
100747,25
100750,25
100752,25
100755,25
100756,25
100764,25
100771,25
100786,25
100788,25
100790,25
100795,25
100796,25
100800,25
100801,25
100804,25
100812,25
100815,25
100816,25
100820,25
100823,25
100830,25
100833,25
100840,25
100846,25
100849,25
100854,25
100856,25
100858,25
100859,25
100861,25
100862,25
100863,25
100866,25
100867,25
100870,25
100871,25
100873,25
100875,25
100881,25
100886,25
100891,25
100892,25
100898,25
100899,25
100904,25
100907,25
100910,25
100913,25
100918,25
100920,25
100922,25
100923,25
100924,25
100927,25
100928,25
100930,25
100935,25
100936,25
100939,25
100940,25
100943,25
100945,25
100947,25
100950,25
100952,25
100953,25
100956,25
100958,25
100965,25
100974,25
100990,25
100996,25
100997,25
101000,25
101018,25
101021,25
101035,25
101042,25
101044,25
101045,25
101047,25
101050,25
101057,25
101064,25
101072,25
101080,25
101086,25
101087,25
101093,25
101100,25
101104,25
101108,25
101109,25
101110,25
101113,25
101114,25
101117,25
101118,25
101119,25
101131,25
101133,25
101143,25
101150,25
101152,25
101156,25
101161,25
101167,25
101168,25
101170,25
101172,25
101173,25
101175,25
101193,25
101194,25
101195,25
101196,25
101199,25
101200,25
101206,25
101212,25
101213,25
101214,25
101217,25
101229,25
101231,25
101235,25
101236,25
101237,25
101247,25
101249,25
101266,25
101271,25
101274,25
101280,25
101282,25
101291,25
101299,25
101301,25
101305,25
101307,25
101308,25
101311,25
101322,25
101327,25
101331,25
101333,25
101340,25
101342,25
101345,25
101350,25
101360,25
101361,25
101382,25
101387,25
101389,25
101396,25
101398,25
101399,25
101400,25
101405,25
101413,25
101421,25
101422,25
101437,25
101438,25
101440,25
101444,25
101445,25
101452,25
101456,25
101459,25
101465,25
101476,25
101477,25
101482,25
101484,25
101490,25
101491,25
101494,25
101510,25
101512,25
101513,25
101520,25
101530,25
101531,25
101534,25
101536,25
101537,25
101538,25
101543,25
101544,25
101545,25
101548,25
101557,25
101571,25
101578,25
101586,25
101595,25
101596,25
101598,25
101600,25
101602,25
101607,25
101622,25
101623,25
101626,25
101633,25
101637,25
101643,25
101644,25
101645,25
101650,25
101652,25
101659,25
101661,25
101663,25
101668,25
101669,25
101672,25
101676,25
101678,25
101680,25
101683,25
101685,25
101693,25
101722,25
101725,25
101729,25
101731,25
101735,25
101745,25
101747,25
101750,25
101752,25
101757,25
101761,25
101762,25
101763,25
101768,25
101770,25
101783,25
101784,25
101787,25
101792,25
101793,25
101795,25
101796,25
101797,25
101799,25
101800,25
101803,25
101804,25
101805,25
101806,25
101813,25
101824,25
101828,25
101833,25
101837,25
101840,25
101848,25
101853,25
101856,25
101858,25
101867,25
101870,25
101871,25
101879,25
101889,25
101892,25
101899,25
101901,25
101902,25
101903,25
101907,25
101908,25
101910,25
101914,25
101916,25
101926,25
101928,25
101929,25
101931,25
101932,25
101934,25
101936,25
101939,25
101958,25
101961,25
101969,25
101971,25
101979,25
101980,25
101981,25
101982,25
101984,25
101989,25
101995,25
101998,25
102021,25
102022,25
102026,25
102029,25
102033,25
102037,25
102038,25
102047,25
102048,25
102049,25
102056,25
102068,25
102069,25
102074,25
102087,25
102098,25
102107,25
102108,25
102109,25
102110,25
102111,25
102112,25
102117,25
102127,25
102129,25
102130,25
102133,25
102141,25
102144,25
102145,25
102147,25
102155,25
102157,25
102161,25
102165,25
102167,25
102170,25
102171,25
102181,25
102186,25
102187,25
102189,25
102195,25
102202,25
102204,25
102205,25
102208,25
102210,25
102212,25
102213,25
102215,25
102222,25
102224,25
102228,25
102241,25
102245,25
102247,25
102248,25
102256,25
102272,25
102273,25
102274,25
102276,25
102278,25
102284,25
102292,25
102293,25
102297,25
102300,25
102305,25
102307,25
102321,25
102322,25
102324,25
102326,25
102328,25
102338,25
102340,25
102342,25
102347,25
102349,25
102353,25
102362,25
102368,25
102373,25
102374,25
102375,25
102376,25
102380,25
102384,25
102385,25
102386,25
102390,25
102404,25
102407,25
102408,25
102416,25
102418,25
102420,25
102422,25
102424,25
102431,25
102432,25
102438,25
102446,25
102447,25
102448,25
102452,25
102459,25
102464,25
102466,25
102472,25
102476,25
102478,25
102484,25
102493,25
102499,25
102500,25
102502,25
102505,25
102510,25
102512,25
102514,25
102515,25
102516,25
102521,25
102530,25
102532,25
102534,25
102539,25
102542,25
102543,25
102545,25
102552,25
102553,25
102557,25
102564,25
102572,25
102579,25
102582,25
102588,25
102590,25
102591,25
102594,25
102597,25
102611,25
102615,25
102622,25
102625,25
102626,25
102638,25
102641,25
102642,25
102643,25
102652,25
102654,25
102657,25
102665,25
102673,25
102677,25
102678,25
102679,25
102681,25
102689,25
102693,25
102701,25
102714,25
102720,25
102724,25
102728,25
102737,25
102739,25
102743,25
102744,25
102748,25
102751,25
102754,25
102761,25
102763,25
102773,25
102780,25
102783,25
102786,25
102793,25
102798,25
102807,25
102808,25
102812,25
102813,25
102814,25
102817,25
102819,25
102820,25
102824,25
102825,25
102827,25
102842,25
102844,25
102855,25
102859,25
102863,25
102864,25
102866,25
102870,25
102872,25
102873,25
102879,25
102880,25
102884,25
102887,25
102892,25
102893,25
102900,25
102903,25
102906,25
102914,25
102915,25
102924,25
102930,25
102932,25
102933,25
102938,25
102944,25
102945,25
102946,25
102947,25
102948,25
102951,25
102956,25
102959,25
102962,25
102969,25
102970,25
102972,25
102973,25
102974,25
102976,25
102986,25
102992,25
102998,25
103002,25
103003,25
103004,25
103005,25
103008,25
103012,25
103017,25
103018,25
103020,25
103024,25
103026,25
103030,25
103031,25
103036,25
103037,25
103040,25
103042,25
103043,25
103054,25
103063,25
103064,25
103065,25
103068,25
103076,25
103081,25
103086,25
103093,25
103097,25
103109,25
103110,25
103112,25
103113,25
103116,25
103117,25
103118,25
103129,25
103132,25
103134,25
103136,25
103138,25
103139,25
103156,25
103158,25
103165,25
103167,25
103169,25
103175,25
103176,25
103186,25
103193,25
103194,25
103198,25
103204,25
103209,25
103217,25
103225,25
103226,25
103228,25
103231,25
103236,25
103237,25
103241,25
103248,25
103259,25
103263,25
103268,25
103271,25
103276,25
103281,25
103283,25
103289,25
103293,25
103297,25
103300,25
103308,25
103314,25
103317,25
103321,25
103322,25
103332,25
103335,25
103338,25
103341,25
103348,25
103351,25
103354,25
103358,25
103361,25
103362,25
103364,25
103366,25
103376,25
103378,25
103379,25
103382,25
103383,25
103386,25
103394,25
103396,25
103399,25
103404,25
103412,25
103413,25
103414,25
103415,25
103420,25
103423,25
103426,25
103435,25
103440,25
103441,25
103444,25
103445,25
103446,25
103449,25
103451,25
103462,25
103466,25
103467,25
103470,25
103471,25
103486,25
103495,25
103496,25
103498,25
103499,25
103505,25
103510,25
103511,25
103521,25
103522,25
103523,25
103534,25
103539,25
103541,25
103542,25
103551,25
103552,25
103556,25
103557,25
103559,25
103560,25
103572,25
103573,25
103575,25
103577,25
103585,25
103595,25
103596,25
103605,25
103606,25
103607,25
103610,25
103614,25
103617,25
103619,25
103620,25
103622,25
103629,25
103634,25
103635,25
103638,25
103648,25
103649,25
103651,25
103657,25
103663,25
103670,25
103671,25
103675,25
103676,25
103681,25
103689,25
103691,25
103692,25
103699,25
103708,25
103712,25
103717,25
103718,25
103719,25
103720,25
103725,25
103727,25
103728,25
103731,25
103732,25
103734,25
103735,25
103740,25
103748,25
103759,25
103768,25
103776,25
103781,25
103785,25
103790,25
103791,25
103797,25
103798,25
103807,25
103812,25
103813,25
103817,25
103819,25
103823,25
103830,25
103831,25
103832,25
103834,25
103838,25
103839,25
103845,25
103846,25
103859,25
103861,25
103863,25
103867,25
103869,25
103873,25
103879,25
103882,25
103888,25
103895,25
103898,25
103907,25
103910,25
103916,25
103918,25
103920,25
103921,25
103922,25
103923,25
103924,25
103932,25
103933,25
103934,25
103935,25
103938,25
103944,25
103947,25
103954,25
103957,25
103959,25
103966,25
103973,25
103977,25
103978,25
103979,25
103982,25
103986,25
103994,25
103995,25
103996,25
103999,25
104000,25
104001,25
104012,25
104013,25
104024,25
104030,25
104032,25
104038,25
104039,25
104040,25
104043,25
104044,25
104047,25
104048,25
104050,25
104051,25
104052,25
104053,25
104056,25
104067,25
104070,25
104071,25
104074,25
104078,25
104079,25
104084,25
104090,25
104100,25
104103,25
104105,25
104106,25
104109,25
104111,25
104117,25
104119,25
104120,25
104126,25
104127,25
104132,25
104134,25
104135,25
104145,25
104149,25
104150,25
104157,25
104159,25
104167,25
104168,25
104172,25
104176,25
104177,25
104181,25
104183,25
104186,25
104191,25
104193,25
104198,25
104206,25
104213,25
104214,25
104215,25
104217,25
104218,25
104222,25
104226,25
104228,25
104233,25
104237,25
104239,25
104251,25
104252,25
104265,25
104273,25
104274,25
104276,25
104283,25
104295,25
104299,25
104300,25
104301,25
104302,25
104303,25
104306,25
104310,25
104312,25
104315,25
104318,25
104320,25
104321,25
104325,25
104329,25
104331,25
104336,25
104339,25
104346,25
104348,25
104350,25
104354,25
104355,25
104356,25
104358,25
104365,25
104366,25
104370,25
104371,25
104377,25
104379,25
104384,25
104390,25
104399,25
104403,25
104405,25
104406,25
104411,25
104412,25
104413,25
104416,25
104418,25
104424,25
104429,25
104434,25
104437,25
104439,25
104440,25
104443,25
104444,25
104452,25
104453,25
104457,25
104465,25
104467,25
104469,25
104475,25
104486,25
104487,25
104488,25
104492,25
104493,25
104494,25
104503,25
104506,25
104510,25
104512,25
104514,25
104520,25
104526,25
104528,25
104530,25
104535,25
104540,25
104541,25
104548,25
104549,25
104551,25
104553,25
104556,25
104561,25
104563,25
104566,25
104569,25
104575,25
104579,25
104580,25
104582,25
104591,25
104594,25
104597,25
104599,25
104611,25
104612,25
104620,25
104623,25
104633,25
104635,25
104638,25
104648,25
104651,25
104655,25
104667,25
104670,25
104675,25
104677,25
104679,25
104680,25
104683,25
104686,25
104693,25
104694,25
104701,25
104706,25
104713,25
104714,25
104719,25
104722,25
104730,25
104734,25
104742,25
104743,25
104744,25
104748,25
104749,25
104751,25
104754,25
104756,25
104762,25
104764,25
104766,25
104769,25
104774,25
104778,25
104780,25
104790,25
104791,25
104795,25
104801,25
104809,25
104816,25
104817,25
104819,25
104820,25
104824,25
104827,25
104834,25
104837,25
104844,25
104852,25
104858,25
104868,25
104869,25
104877,25
104878,25
104881,25
104883,25
104887,25
104891,25
104892,25
104900,25
104912,25
104917,25
104922,25
104924,25
104928,25
104935,25
104939,25
104940,25
104941,25
104944,25
104948,25
104950,25
104956,25
104957,25
104961,25
104969,25
104971,25
104972,25
104976,25
104978,25
104981,25
104992,25
104993,25
104999,25
105003,25
105005,25
105008,25
105010,25
105012,25
105030,25
105031,25
105038,25
105040,25
105043,25
105047,25
105048,25
105054,25
105058,25
105067,25
105070,25
105071,25
105072,25
105081,25
105090,25
105091,25
105095,25
105096,25
105107,25
105118,25
105125,25
105131,25
105133,25
105137,25
105146,25
105152,25
105154,25
105157,25
105163,25
105164,25
105166,25
105169,25
105179,25
105186,25
105187,25
105188,25
105189,25
105191,25
105195,25
105196,25
105197,25
105199,25
105200,25
105203,25
105207,25
105212,25
105216,25
105218,25
105221,25
105223,25
105228,25
105234,25
105238,25
105240,25
105245,25
105251,25
105253,25
105257,25
105269,25
105270,25
105271,25
105272,25
105276,25
105277,25
105279,25
105280,25
105282,25
105284,25
105285,25
105287,25
105288,25
105289,25
105290,25
105297,25
105300,25
105314,25
105316,25
105321,25
105323,25
105324,25
105338,25
105349,25
105352,25
105354,25
105359,25
105365,25
105381,25
105389,25
105400,25
105401,25
105407,25
105409,25
105413,25
105414,25
105415,25
105418,25
105420,25
105421,25
105429,25
105443,25
105455,25
105459,25
105467,25
105468,25
105473,25
105476,25
105477,25
105480,25
105482,25
105483,25
105485,25
105486,25
105489,25
105490,25
105493,25
105497,25
105499,25
105510,25
105511,25
105513,25
105517,25
105521,25
105522,25
105525,25
105535,25
105541,25
105542,25
105547,25
105551,25
105553,25
105554,25
105556,25
105558,25
105559,25
105565,25
105566,25
105575,25
105577,25
105585,25
105586,25
105592,25
105596,25
105600,25
105604,25
105610,25
105612,25
105630,25
105631,25
105633,25
105637,25
105640,25
105641,25
105646,25
105647,25
105649,25
105660,25
105671,25
105672,25
105675,25
105678,25
105679,25
105681,25
105683,25
105690,25
105692,25
105693,25
105694,25
105698,25
105708,25
105715,25
105719,25
105728,25
105731,25
105739,25
105740,25
105744,25
105745,25
105746,25
105747,25
105749,25
105752,25
105767,25
105771,25
105773,25
105776,25
105780,25
105781,25
105784,25
105792,25
105799,25
105801,25
105803,25
105812,25
105814,25
105820,25
105821,25
105823,25
105834,25
105841,25
105849,25
105856,25
105858,25
105860,25
105865,25
105868,25
105873,25
105874,25
105876,25
105880,25
105882,25
105883,25
105885,25
105886,25
105887,25
105891,25
105892,25
105893,25
105895,25
105896,25
105898,25
105900,25
105903,25
105904,25
105905,25
105908,25
105910,25
105919,25
105927,25
105933,25
105942,25
105946,25
105947,25
105960,25
105961,25
105963,25
105966,25
105967,25
105977,25
105982,25
105984,25
105988,25
105992,25
105993,25
105998,25
105999,25
106001,25
106006,25
106012,25
106015,25
106019,25
106033,25
106036,25
106044,25
106045,25
106047,25
106054,25
106059,25
106061,25
106073,25
106078,25
106079,25
106082,25
106085,25
106102,25
106107,25
106108,25
106113,25
106119,25
106125,25
106126,25
106139,25
106143,25
106144,25
106150,25
106151,25
106160,25
106167,25
106176,25
106187,25
106192,25
106193,25
106196,25
106198,25
106204,25
106216,25
106217,25
106223,25
106224,25
106225,25
106229,25
106231,25
106235,25
106236,25
106240,25
106244,25
106246,25
106254,25
106258,25
106259,25
106269,25
106272,25
106275,25
106276,25
106283,25
106285,25
106290,25
106297,25
106298,25
106302,25
106305,25
106308,25
106310,25
106311,25
106326,25
106330,25
106336,25
106338,25
106348,25
106353,25
106355,25
106359,25
106364,25
106369,25
106371,25
106373,25
106378,25
106379,25
106382,25
106384,25
106386,25
106393,25
106394,25
106404,25
106418,25
106419,25
106420,25
106422,25
106423,25
106425,25
106432,25
106434,25
106435,25
106436,25
106437,25
106443,25
106444,25
106446,25
106448,25
106449,25
106459,25
106461,25
106463,25
106464,25
106466,25
106475,25
106488,25
106491,25
106492,25
106493,25
106494,25
106496,25
106507,25
106509,25
106514,25
106519,25
106521,25
106528,25
106530,25
106531,25
106533,25
106543,25
106546,25
106548,25
106555,25
106556,25
106559,25
106563,25
106564,25
106567,25
106570,25
106571,25
106573,25
106574,25
106576,25
106579,25
106580,25
106583,25
106584,25
106586,25
106590,25
106592,25
106611,25
106614,25
106627,25
106629,25
106638,25
106639,25
106641,25
106642,25
106644,25
106646,25
106649,25
106653,25
106659,25
106661,25
106664,25
106665,25
106669,25
106670,25
106673,25
106682,25
106686,25
106687,25
106692,25
106695,25
106697,25
106699,25
106700,25
106704,25
106705,25
106706,25
106709,25
106712,25
106713,25
106717,25
106719,25
106722,25
106730,25
106738,25
106739,25
106743,25
106745,25
106747,25
106751,25
106757,25
106758,25
106760,25
106761,25
106762,25
106766,25
106769,25
106770,25
106778,25
106780,25
106782,25
106784,25
106787,25
106790,25
106791,25
106796,25
106799,25
106810,25
106812,25
106815,25
106818,25
106821,25
106832,25
106844,25
106851,25
106855,25
106860,25
106869,25
106882,25
106884,25
106885,25
106891,25
106893,25
106894,25
106898,25
106903,25
106904,25
106906,25
106912,25
106919,25
106938,25
106939,25
106958,25
106967,25
106970,25
106973,25
106975,25
106977,25
106978,25
106988,25
106990,25
106995,25
106996,25
107002,25
107003,25
107004,25
107005,25
107012,25
107014,25
107022,25
107023,25
107027,25
107030,25
107031,25
107041,25
107042,25
107054,25
107062,25
107064,25
107067,25
107070,25
107073,25
107078,25
107083,25
107091,25
107092,25
107094,25
107096,25
107097,25
107100,25
107108,25
107112,25
107113,25
107115,25
107117,25
107125,25
107135,25
107136,25
107137,25
107139,25
107153,25
107158,25
107159,25
107162,25
107172,25
107173,25
107175,25
107176,25
107184,25
107186,25
107187,25
107188,25
107190,25
107191,25
107192,25
107195,25
107201,25
107202,25
107204,25
107210,25
107211,25
107223,25
107226,25
107228,25
107231,25
107233,25
107238,25
107244,25
107245,25
107247,25
107249,25
107251,25
107256,25
107259,25
107260,25
107261,25
107263,25
107266,25
107269,25
107270,25
107271,25
107273,25
107280,25
107286,25
107289,25
107295,25
107297,25
107304,25
107306,25
107308,25
107310,25
107321,25
107322,25
107324,25
107325,25
107326,25
107327,25
107330,25
107335,25
107342,25
107343,25
107348,25
107349,25
107352,25
107357,25
107360,25
107362,25
107375,25
107379,25
107387,25
107392,25
107393,25
107394,25
107416,25
107421,25
107422,25
107427,25
107429,25
107430,25
107434,25
107436,25
107441,25
107447,25
107453,25
107461,25
107466,25
107468,25
107471,25
107477,25
107487,25
107488,25
107492,25
107498,25
107499,25
107500,25
107505,25
107506,25
107517,25
107519,25
107524,25
107525,25
107526,25
107529,25
107531,25
107534,25
107541,25
107543,25
107561,25
107562,25
107564,25
107566,25
107574,25
107580,25
107582,25
107591,25
107595,25
107597,25
107601,25
107605,25
107608,25
107615,25
107623,25
107625,25
107629,25
107640,25
107654,25
107663,25
107688,25
107689,25
107692,25
107702,25
107707,25
107710,25
107711,25
107717,25
107718,25
107720,25
107722,25
107724,25
107725,25
107730,25
107735,25
107738,25
107739,25
107744,25
107745,25
107746,25
107747,25
107751,25
107761,25
107769,25
107772,25
107776,25
107778,25
107782,25
107783,25
107787,25
107791,25
107794,25
107798,25
107806,25
107808,25
107812,25
107817,25
107819,25
107827,25
107833,25
107835,25
107836,25
107837,25
107838,25
107840,25
107849,25
107852,25
107854,25
107856,25
107860,25
107862,25
107873,25
107877,25
107880,25
107881,25
107882,25
107886,25
107889,25
107892,25
107894,25
107902,25
107903,25
107904,25
107914,25
107916,25
107920,25
107921,25
107927,25
107930,25
107931,25
107932,25
107937,25
107940,25
107942,25
107949,25
107956,25
107961,25
107964,25
107968,25
107983,25
107988,25
108004,25
108010,25
108015,25
108017,25
108018,25
108019,25
108021,25
108023,25
108024,25
108033,25
108039,25
108043,25
108044,25
108045,25
108052,25
108054,25
108057,25
108070,25
108074,25
108083,25
108086,25
108091,25
108095,25
108101,25
108113,25
108119,25
108120,25
108125,25
108129,25
108130,25
108134,25
108139,25
108145,25
108153,25
108154,25
108156,25
108157,25
108160,25
108161,25
108163,25
108164,25
108166,25
108172,25
108175,25
108177,25
108179,25
108180,25
108181,25
108183,25
108186,25
108195,25
108197,25
108198,25
108200,25
108201,25
108202,25
108203,25
108210,25
108217,25
108219,25
108221,25
108223,25
108233,25
108239,25
108243,25
108244,25
108257,25
108278,25
108292,25
108296,25
108298,25
108304,25
108305,25
108308,25
108312,25
108315,25
108317,25
108322,25
108329,25
108330,25
108331,25
108338,25
108343,25
108347,25
108353,25
108356,25
108361,25
108363,25
108365,25
108372,25
108373,25
108386,25
108387,25
108392,25
108393,25
108395,25
108397,25
108401,25
108405,25
108409,25
108421,25
108429,25
108430,25
108433,25
108434,25
108440,25
108448,25
108450,25
108451,25
108452,25
108455,25
108456,25
108457,25
108464,25
108467,25
108468,25
108472,25
108477,25
108479,25
108482,25
108483,25
108491,25
108493,25
108495,25
108498,25
108500,25
108501,25
108505,25
108506,25
108510,25
108516,25
108521,25
108523,25
108530,25
108531,25
108533,25
108535,25
108545,25
108552,25
108553,25
108556,25
108558,25
108560,25
108568,25
108569,25
108572,25
108575,25
108577,25
108580,25
108584,25
108586,25
108591,25
108592,25
108593,25
108594,25
108597,25
108598,25
108599,25
108601,25
108605,25
108611,25
108615,25
108617,25
108621,25
108622,25
108627,25
108628,25
108641,25
108642,25
108643,25
108654,25
108656,25
108657,25
108667,25
108675,25
108679,25
108685,25
108691,25
108692,25
108694,25
108697,25
108699,25
108702,25
108706,25
108716,25
108719,25
108721,25
108724,25
108728,25
108733,25
108734,25
108741,25
108743,25
108748,25
108750,25
108751,25
108763,25
108765,25
108771,25
108772,25
108773,25
108774,25
108775,25
108777,25
108779,25
108782,25
108789,25
108807,25
108823,25
108830,25
108846,25
108856,25
108865,25
108869,25
108870,25
108871,25
108875,25
108877,25
108891,25
108897,25
108901,25
108902,25
108904,25
108907,25
108909,25
108915,25
108918,25
108924,25
108926,25
108928,25
108932,25
108933,25
108934,25
108935,25
108937,25
108942,25
108944,25
108947,25
108948,25
108951,25
108953,25
108954,25
108955,25
108956,25
108957,25
108962,25
108965,25
108974,25
108976,25
108979,25
108987,25
109006,25
109009,25
109012,25
109014,25
109017,25
109025,25
109027,25
109029,25
109031,25
109037,25
109038,25
109039,25
109041,25
109044,25
109045,25
109051,25
109052,25
109057,25
109058,25
109061,25
109066,25
109078,25
109082,25
109093,25
109098,25
109100,25
109104,25
109112,25
109119,25
109120,25
109123,25
109126,25
109129,25
109135,25
109139,25
109140,25
109142,25
109145,25
109146,25
109149,25
109152,25
109153,25
109165,25
109171,25
109173,25
109187,25
109190,25
109192,25
109194,25
109195,25
109197,25
109205,25
109208,25
109214,25
109219,25
109228,25
109230,25
109231,25
109237,25
109242,25
109247,25
109252,25
109256,25
109259,25
109265,25
109270,25
109271,25
109272,25
109280,25
109293,25
109295,25
109296,25
109305,25
109306,25
109307,25
109308,25
109310,25
109313,25
109316,25
109317,25
109318,25
109322,25
109324,25
109327,25
109328,25
109347,25
109351,25
109356,25
109361,25
109368,25
109372,25
109374,25
109379,25
109384,25
109389,25
109391,25
109393,25
109395,25
109400,25
109401,25
109405,25
109410,25
109411,25
109415,25
109417,25
109420,25
109425,25
109430,25
109436,25
109438,25
109439,25
109441,25
109443,25
109444,25
109445,25
109453,25
109456,25
109462,25
109464,25
109466,25
109469,25
109472,25
109478,25
109480,25
109483,25
109486,25
109487,25
109492,25
109497,25
109505,25
109508,25
109509,25
109511,25
109512,25
109513,25
109515,25
109530,25
109531,25
109535,25
109553,25
109554,25
109557,25
109559,25
109569,25
109584,25
109585,25
109593,25
109595,25
109596,25
109600,25
109602,25
109604,25
109606,25
109608,25
109613,25
109619,25
109620,25
109634,25
109635,25
109641,25
109651,25
109657,25
109658,25
109659,25
109667,25
109669,25
109675,25
109682,25
109685,25
109686,25
109687,25
109688,25
109693,25
109695,25
109696,25
109697,25
109698,25
109700,25
109702,25
109706,25
109711,25
109717,25
109719,25
109720,25
109722,25
109723,25
109732,25
109734,25
109735,25
109736,25
109737,25
109743,25
109746,25
109749,25
109764,25
109771,25
109780,25
109785,25
109787,25
109788,25
109789,25
109794,25
109795,25
109798,25
109801,25
109804,25
109806,25
109808,25
109810,25
109813,25
109820,25
109822,25
109824,25
109829,25
109835,25
109840,25
109844,25
109849,25
109855,25
109861,25
109864,25
109867,25
109875,25
109879,25
109887,25
109895,25
109898,25
109899,25
109902,25
109904,25
109906,25
109907,25
109908,25
109909,25
109911,25
109912,25
109913,25
109914,25
109918,25
109922,25
109923,25
109925,25
109927,25
109928,25
109929,25
109931,25
109934,25
109939,25
109943,25
109944,25
109945,25
109948,25
109953,25
109964,25
109965,25
109966,25
109967,25
109973,25
109974,25
109976,25
109977,25
109987,25
109990,25
109995,25
109999,25
110002,25
110008,25
110009,25
110014,25
110018,25
110025,25
110027,25
110035,25
110040,25
110051,25
110052,25
110055,25
110060,25
110066,25
110069,25
110085,25
110092,25
110093,25
110095,25
110096,25
110101,25
110105,25
110119,25
110121,25
110126,25
110129,25
110134,25
110138,25
110147,25
110149,25
110150,25
110164,25
110165,25
110166,25
110174,25
110182,25
110186,25
110188,25
110191,25
110194,25
110200,25
110218,25
110224,25
110228,25
110229,25
110237,25
110238,25
110243,25
110246,25
110253,25
110257,25
110266,25
110268,25
110272,25
110275,25
110278,25
110281,25
110286,25
110287,25
110290,25
110296,25
110297,25
110299,25
110301,25
110302,25
110315,25
110323,25
110324,25
110336,25
110337,25
110348,25
110349,25
110352,25
110355,25
110359,25
110374,25
110375,25
110377,25
110379,25
110388,25
110394,25
110396,25
110398,25
110406,25
110408,25
110414,25
110415,25
110421,25
110423,25
110425,25
110428,25
110433,25
110436,25
110437,25
110440,25
110451,25
110456,25
110457,25
110461,25
110469,25
110471,25
110472,25
110477,25
110478,25
110479,25
110480,25
110487,25
110488,25
110494,25
110497,25
110510,25
110511,25
110512,25
110513,25
110515,25
110520,25
110522,25
110526,25
110528,25
110540,25
110548,25
110549,25
110552,25
110553,25
110556,25
110562,25
110575,25
110585,25
110587,25
110590,25
110592,25
110596,25
110600,25
110606,25
110607,25
110611,25
110614,25
110627,25
110631,25
110641,25
110643,25
110647,25
110649,25
110650,25
110657,25
110660,25
110663,25
110666,25
110667,25
110668,25
110671,25
110674,25
110678,25
110680,25
110687,25
110692,25
110693,25
110694,25
110698,25
110708,25
110715,25
110719,25
110720,25
110731,25
110733,25
110738,25
110742,25
110743,25
110745,25
110749,25
110752,25
110756,25
110759,25
110760,25
110762,25
110769,25
110775,25
110784,25
110787,25
110788,25
110792,25
110798,25
110802,25
110803,25
110814,25
110818,25
110821,25
110822,25
110828,25
110834,25
110836,25
110838,25
110840,25
110842,25
110848,25
110851,25
110852,25
110855,25
110856,25
110860,25
110861,25
110867,25
110868,25
110870,25
110872,25
110875,25
110888,25
110892,25
110894,25
110895,25
110896,25
110899,25
110900,25
110901,25
110907,25
110908,25
110920,25
110921,25
110930,25
110931,25
110938,25
110939,25
110947,25
110950,25
110952,25
110961,25
110965,25
110967,25
110969,25
110970,25
110976,25
110982,25
110986,25
110993,25
110999,25
111005,25
111009,25
111012,25
111013,25
111019,25
111024,25
111027,25
111031,25
111033,25
111036,25
111045,25
111046,25
111050,25
111056,25
111060,25
111061,25
111067,25
111069,25
111077,25
111082,25
111083,25
111084,25
111086,25
111091,25
111095,25
111099,25
111123,25
111129,25
111133,25
111139,25
111141,25
111142,25
111145,25
111150,25
111151,25
111155,25
111157,25
111159,25
111162,25
111165,25
111166,25
111168,25
111173,25
111177,25
111183,25
111190,25
111194,25
111195,25
111205,25
111209,25
111212,25
111217,25
111218,25
111219,25
111225,25
111227,25
111231,25
111242,25
111247,25
111253,25
111254,25
111259,25
111260,25
111266,25
111267,25
111269,25
111271,25
111277,25
111278,25
111281,25
111282,25
111291,25
111292,25
111296,25
111300,25
111302,25
111322,25
111327,25
111346,25
111355,25
111356,25
111362,25
111371,25
111373,25
111375,25
111382,25
111388,25
111389,25
111391,25
111393,25
111394,25
111399,25
111400,25
111410,25
111413,25
111417,25
111422,25
111432,25
111433,25
111434,25
111437,25
111444,25
111449,25
111451,25
111472,25
111474,25
111477,25
111483,25
111485,25
111486,25
111493,25
111495,25
111498,25
111515,25
111517,25
111520,25
111523,25
111524,25
111529,25
111538,25
111540,25
111545,25
111548,25
111550,25
111554,25
111555,25
111566,25
111573,25
111577,25
111582,25
111586,25
111591,25
111595,25
111603,25
111604,25
111606,25
111614,25
111618,25
111622,25
111623,25
111628,25
111630,25
111634,25
111638,25
111642,25
111643,25
111644,25
111646,25
111648,25
111654,25
111659,25
111660,25
111675,25
111678,25
111679,25
111690,25
111692,25
111699,25
111701,25
111704,25
111706,25
111711,25
111712,25
111715,25
111717,25
111718,25
111724,25
111727,25
111741,25
111742,25
111747,25
111756,25
111759,25
111761,25
111769,25
111771,25
111774,25
111775,25
111778,25
111781,25
111784,25
111788,25
111791,25
111792,25
111793,25
111800,25
111805,25
111806,25
111807,25
111809,25
111814,25
111815,25
111819,25
111822,25
111823,25
111828,25
111834,25
111837,25
111842,25
111843,25
111852,25
111853,25
111860,25
111874,25
111875,25
111880,25
111884,25
111885,25
111886,25
111887,25
111890,25
111891,25
111896,25
111901,25
111906,25
111908,25
111921,25
111925,25
111928,25
111935,25
111937,25
111938,25
111940,25
111946,25
111951,25
111954,25
111964,25
111973,25
111974,25
111978,25
111979,25
111990,25
111991,25
112001,25
112008,25
112009,25
112015,25
112029,25
112030,25
112033,25
112036,25
112041,25
112045,25
112046,25
112051,25
112056,25
112058,25
112062,25
112063,25
112064,25
112068,25
112075,25
112083,25
112084,25
112092,25
112093,25
112095,25
112099,25
112101,25
112105,25
112111,25
112116,25
112118,25
112129,25
112130,25
112137,25
112143,25
112152,25
112155,25
112159,25
112161,25
112162,25
112169,25
112174,25
112180,25
112185,25
112188,25
112193,25
112195,25
112200,25
112205,25
112208,25
112214,25
112217,25
112220,25
112221,25
112225,25
112231,25
112236,25
112238,25
112240,25
112241,25
112248,25
112251,25
112266,25
112269,25
112273,25
112282,25
112288,25
112292,25
112299,25
112303,25
112304,25
112305,25
112306,25
112310,25
112312,25
112320,25
112324,25
112328,25
112329,25
112332,25
112340,25
112349,25
112351,25
112357,25
112367,25
112371,25
112374,25
112400,25
112401,25
112403,25
112406,25
112409,25
112410,25
112415,25
112417,25
112419,25
112422,25
112423,25
112424,25
112425,25
112427,25
112432,25
112436,25
112446,25
112454,25
112455,25
112461,25
112463,25
112471,25
112482,25
112500,25
112505,25
112506,25
112511,25
112517,25
112518,25
112519,25
112523,25
112528,25
112534,25
112535,25
112539,25
112543,25
112547,25
112549,25
112561,25
112566,25
112568,25
112569,25
112573,25
112574,25
112578,25
112580,25
112583,25
112584,25
112588,25
112591,25
112596,25
112602,25
112612,25
112614,25
112619,25
112623,25
112631,25
112632,25
112638,25
112640,25
112644,25
112647,25
112649,25
112650,25
112658,25
112659,25
112666,25
112672,25
112677,25
112686,25
112689,25
112690,25
112695,25
112701,25
112706,25
112707,25
112718,25
112722,25
112739,25
112748,25
112751,25
112752,25
112753,25
112758,25
112768,25
112772,25
112773,25
112777,25
112778,25
112779,25
112781,25
112787,25
112792,25
112796,25
112801,25
112804,25
112808,25
112811,25
112814,25
112823,25
112824,25
112835,25
112845,25
112856,25
112865,25
112866,25
112870,25
112871,25
112876,25
112883,25
112897,25
112898,25
112902,25
112904,25
112906,25
112910,25
112913,25
112915,25
112919,25
112921,25
112929,25
112933,25
112959,25
112962,25
112963,25
112967,25
112971,25
112973,25
112976,25
112977,25
112986,25
112988,25
112990,25
112991,25
112998,25
113008,25
113009,25
113014,25
113017,25
113020,25
113023,25
113024,25
113025,25
113026,25
113033,25
113036,25
113044,25
113048,25
113049,25
113052,25
113053,25
113055,25
113060,25
113066,25
113070,25
113074,25
113076,25
113080,25
113093,25
113109,25
113115,25
113118,25
113123,25
113124,25
113125,25
113131,25
113132,25
113141,25
113147,25
113152,25
113153,25
113155,25
113156,25
113162,25
113165,25
113167,25
113172,25
113174,25
113176,25
113178,25
113183,25
113185,25
113189,25
113193,25
113194,25
113199,25
113204,25
113209,25
113217,25
113218,25
113219,25
113222,25
113223,25
113228,25
113231,25
113235,25
113236,25
113237,25
113238,25
113239,25
113259,25
113261,25
113269,25
113278,25
113288,25
113299,25
113305,25
113311,25
113312,25
113316,25
113317,25
113323,25
113324,25
113337,25
113342,25
113346,25
113357,25
113360,25
113364,25
113369,25
113373,25
113384,25
113388,25
113389,25
113401,25
113407,25
113408,25
113416,25
113418,25
113426,25
113427,25
113432,25
113435,25
113442,25
113447,25
113450,25
113458,25
113459,25
113466,25
113469,25
113476,25
113477,25
113478,25
113482,25
113493,25
113497,25
113501,25
113502,25
113514,25
113515,25
113516,25
113519,25
113521,25
113523,25
113527,25
113531,25
113533,25
113536,25
113540,25
113543,25
113545,25
113546,25
113548,25
113549,25
113551,25
113556,25
113559,25
113562,25
113564,25
113569,25
113573,25
113575,25
113577,25
113581,25
113586,25
113587,25
113595,25
113605,25
113609,25
113610,25
113614,25
113623,25
113637,25
113638,25
113641,25
113649,25
113650,25
113652,25
113660,25
113662,25
113663,25
113673,25
113676,25
113682,25
113687,25
113689,25
113690,25
113693,25
113694,25
113702,25
113709,25
113718,25
113723,25
113728,25
113729,25
113731,25
113739,25
113749,25
113750,25
113763,25
113776,25
113778,25
113784,25
113792,25
113796,25
113801,25
113810,25
113811,25
113812,25
113816,25
113817,25
113818,25
113820,25
113823,25
113824,25
113826,25
113828,25
113829,25
113830,25
113833,25
113845,25
113846,25
113851,25
113853,25
113855,25
113857,25
113859,25
113861,25
113865,25
113871,25
113877,25
113879,25
113880,25
113881,25
113885,25
113886,25
113890,25
113893,25
113897,25
113907,25
113909,25
113912,25
113914,25
113915,25
113917,25
113925,25
113928,25
113931,25
113933,25
113934,25
113935,25
113943,25
113944,25
113945,25
113946,25
113947,25
113948,25
113950,25
113957,25
113958,25
113965,25
113973,25
113984,25
113985,25
113991,25
113995,25
113998,25
114000,25
114007,25
114012,25
114014,25
114015,25
114017,25
114018,25
114025,25
114048,25
114049,25
114057,25
114062,25
114063,25
114065,25
114070,25
114072,25
114075,25
114076,25
114078,25
114079,25
114084,25
114086,25
114087,25
114088,25
114090,25
114094,25
114102,25
114104,25
114105,25
114109,25
114111,25
114117,25
114130,25
114138,25
114143,25
114149,25
114150,25
114151,25
114157,25
114166,25
114168,25
114170,25
114183,25
114188,25
114189,25
114194,25
114200,25
114205,25
114207,25
114210,25
114212,25
114216,25
114218,25
114219,25
114220,25
114228,25
114233,25
114236,25
114240,25
114252,25
114257,25
114261,25
114270,25
114272,25
114274,25
114277,25
114279,25
114281,25
114285,25
114291,25
114294,25
114297,25
114298,25
114300,25
114301,25
114311,25
114312,25
114321,25
114324,25
114326,25
114327,25
114329,25
114333,25
114334,25
114337,25
114342,25
114344,25
114345,25
114348,25
114351,25
114352,25
114360,25
114362,25
114364,25
114368,25
114370,25
114374,25
114379,25
114380,25
114383,25
114384,25
114385,25
114388,25
114391,25
114393,25
114394,25
114396,25
114400,25
114401,25
114403,25
114406,25
114426,25
114436,25
114439,25
114450,25
114454,25
114459,25
114464,25
114465,25
114479,25
114480,25
114488,25
114499,25
114503,25
114504,25
114506,25
114507,25
114510,25
114511,25
114512,25
114514,25
114515,25
114521,25
114524,25
114527,25
114529,25
114532,25
114535,25
114537,25
114542,25
114543,25
114547,25
114550,25
114554,25
114559,25
114562,25
114568,25
114571,25
114576,25
114578,25
114580,25
114581,25
114584,25
114588,25
114590,25
114594,25
114597,25
114599,25
114600,25
114613,25
114617,25
114618,25
114620,25
114630,25
114633,25
114634,25
114649,25
114650,25
114651,25
114668,25
114669,25
114670,25
114671,25
114677,25
114681,25
114689,25
114693,25
114694,25
114696,25
114697,25
114703,25
114717,25
114720,25
114721,25
114725,25
114728,25
114733,25
114738,25
114744,25
114749,25
114750,25
114751,25
114758,25
114764,25
114767,25
114769,25
114774,25
114783,25
114787,25
114788,25
114793,25
114795,25
114799,25
114812,25
114817,25
114821,25
114822,25
114834,25
114843,25
114846,25
114859,25
114860,25
114862,25
114864,25
114865,25
114871,25
114873,25
114875,25
114881,25
114885,25
114886,25
114891,25
114893,25
114919,25
114921,25
114924,25
114926,25
114930,25
114939,25
114940,25
114942,25
114948,25
114952,25
114956,25
114959,25
114960,25
114963,25
114967,25
114973,25
114983,25
114984,25
114986,25
114987,25
114989,25
114996,25
114998,25
115007,25
115009,25
115010,25
115019,25
115022,25
115023,25
115025,25
115028,25
115030,25
115032,25
115033,25
115035,25
115037,25
115042,25
115046,25
115047,25
115049,25
115050,25
115059,25
115061,25
115074,25
115078,25
115079,25
115082,25
115083,25
115087,25
115090,25
115091,25
115095,25
115100,25
115103,25
115108,25
115109,25
115113,25
115115,25
115120,25
115121,25
115125,25
115132,25
115136,25
115137,25
115140,25
115149,25
115150,25
115155,25
115156,25
115160,25
115162,25
115164,25
115176,25
115178,25
115183,25
115189,25
115191,25
115200,25
115202,25
115211,25
115216,25
115218,25
115223,25
115224,25
115227,25
115230,25
115237,25
115242,25
115246,25
115248,25
115249,25
115252,25
115255,25
115256,25
115258,25
115260,25
115264,25
115269,25
115270,25
115272,25
115273,25
115277,25
115278,25
115286,25
115292,25
115295,25
115297,25
115298,25
115299,25
115303,25
115305,25
115307,25
115309,25
115311,25
115322,25
115326,25
115327,25
115328,25
115330,25
115334,25
115338,25
115341,25
115347,25
115351,25
115360,25
115363,25
115369,25
115374,25
115375,25
115377,25
115390,25
115392,25
115393,25
115396,25
115398,25
115403,25
115405,25
115409,25
115412,25
115413,25
115414,25
115415,25
115418,25
115420,25
115426,25
115427,25
115436,25
115449,25
115457,25
115464,25
115472,25
115475,25
115484,25
115492,25
115496,25
115497,25
115498,25
115499,25
115500,25
115507,25
115508,25
115511,25
115515,25
115524,25
115531,25
115532,25
115533,25
115535,25
115536,25
115542,25
115545,25
115550,25
115556,25
115558,25
115560,25
115561,25
115568,25
115570,25
115571,25
115579,25
115580,25
115584,25
115602,25
115603,25
115612,25
115613,25
115617,25
115619,25
115621,25
115625,25
115626,25
115629,25
115634,25
115635,25
115639,25
115640,25
115643,25
115652,25
115654,25
115656,25
115658,25
115660,25
115663,25
115666,25
115667,25
115672,25
115673,25
115676,25
115680,25
115683,25
115685,25
115689,25
115690,25
115691,25
115695,25
115703,25
115705,25
115708,25
115710,25
115718,25
115726,25
115731,25
115737,25
115739,25
115743,25
115744,25
115746,25
115755,25
115757,25
115760,25
115763,25
115766,25
115767,25
115779,25
115785,25
115788,25
115789,25
115790,25
115795,25
115806,25
115810,25
115821,25
115823,25
115829,25
115842,25
115848,25
115849,25
115856,25
115859,25
115868,25
115871,25
115873,25
115878,25
115886,25
115889,25
115890,25
115894,25
115900,25
115901,25
115907,25
115912,25
115923,25
115928,25
115940,25
115942,25
115943,25
115950,25
115952,25
115955,25
115957,25
115962,25
115963,25
115964,25
115969,25
115971,25
115974,25
115984,25
115988,25
115991,25
115994,25
115996,25
116004,25
116010,25
116011,25
116016,25
116021,25
116028,25
116032,25
116034,25
116036,25
116037,25
116040,25
116048,25
116056,25
116059,25
116065,25
116066,25
116073,25
116074,25
116077,25
116078,25
116081,25
116094,25
116095,25
116096,25
116098,25
116100,25
116106,25
116107,25
116110,25
116117,25
116120,25
116122,25
116125,25
116128,25
116132,25
116136,25
116138,25
116139,25
116145,25
116149,25
116150,25
116177,25
116178,25
116179,25
116189,25
116191,25
116192,25
116196,25
116199,25
116208,25
116221,25
116225,25
116233,25
116237,25
116238,25
116242,25
116246,25
116249,25
116253,25
116255,25
116262,25
116271,25
116275,25
116276,25
116284,25
116287,25
116293,25
116300,25
116311,25
116322,25
116328,25
116336,25
116338,25
116340,25
116343,25
116346,25
116347,25
116355,25
116366,25
116367,25
116370,25
116372,25
116377,25
116382,25
116384,25
116388,25
116391,25
116392,25
116393,25
116400,25
116401,25
116407,25
116408,25
116413,25
116414,25
116420,25
116423,25
116424,25
116425,25
116429,25
116431,25
116433,25
116438,25
116446,25
116448,25
116449,25
116452,25
116454,25
116457,25
116458,25
116460,25
116468,25
116472,25
116473,25
116479,25
116491,25
116494,25
116500,25
116501,25
116507,25
116513,25
116514,25
116516,25
116517,25
116519,25
116524,25
116527,25
116529,25
116532,25
116537,25
116540,25
116541,25
116544,25
116548,25
116549,25
116551,25
116560,25
116564,25
116571,25
116582,25
116585,25
116590,25
116592,25
116601,25
116606,25
116610,25
116616,25
116617,25
116618,25
116619,25
116621,25
116633,25
116634,25
116635,25
116644,25
116645,25
116648,25
116650,25
116661,25
116665,25
116674,25
116675,25
116681,25
116685,25
116686,25
116687,25
116700,25
116718,25
116722,25
116723,25
116724,25
116728,25
116730,25
116734,25
116737,25
116741,25
116746,25
116750,25
116753,25
116759,25
116760,25
116763,25
116765,25
116775,25
116781,25
116784,25
116794,25
116797,25
116800,25
116802,25
116808,25
116811,25
116813,25
116817,25
116819,25
116820,25
116825,25
116829,25
116835,25
116842,25
116844,25
116850,25
116869,25
116871,25
116874,25
116875,25
116877,25
116882,25
116887,25
116897,25
116898,25
116901,25
116905,25
116906,25
116907,25
116908,25
116912,25
116913,25
116917,25
116918,25
116926,25
116932,25
116940,25
116941,25
116948,25
116949,25
116957,25
116958,25
116960,25
116962,25
116964,25
116968,25
116977,25
116978,25
116984,25
116989,25
116994,25
116996,25
116999,25
117001,25
117006,25
117015,25
117017,25
117030,25
117032,25
117035,25
117036,25
117037,25
117038,25
117041,25
117042,25
117051,25
117075,25
117077,25
117079,25
117080,25
117083,25
117085,25
117087,25
117089,25
117092,25
117093,25
117094,25
117098,25
117106,25
117109,25
117111,25
117112,25
117119,25
117122,25
117123,25
117126,25
117128,25
117131,25
117135,25
117146,25
117150,25
117152,25
117153,25
117169,25
117172,25
117175,25
117187,25
117190,25
117191,25
117194,25
117196,25
117205,25
117210,25
117212,25
117218,25
117222,25
117231,25
117233,25
117237,25
117239,25
117242,25
117243,25
117249,25
117250,25
117254,25
117260,25
117261,25
117262,25
117264,25
117266,25
117268,25
117270,25
117275,25
117278,25
117279,25
117282,25
117285,25
117297,25
117301,25
117302,25
117305,25
117306,25
117307,25
117310,25
117314,25
117316,25
117317,25
117324,25
117325,25
117329,25
117332,25
117333,25
117340,25
117352,25
117354,25
117358,25
117359,25
117362,25
117364,25
117365,25
117378,25
117380,25
117390,25
117392,25
117398,25
117400,25
117403,25
117406,25
117411,25
117417,25
117422,25
117426,25
117432,25
117433,25
117437,25
117438,25
117439,25
117445,25
117449,25
117461,25
117465,25
117468,25
117470,25
117471,25
117473,25
117476,25
117477,25
117478,25
117482,25
117492,25
117494,25
117497,25
117502,25
117504,25
117505,25
117524,25
117530,25
117532,25
117534,25
117543,25
117548,25
117553,25
117555,25
117557,25
117560,25
117562,25
117565,25
117566,25
117567,25
117568,25
117569,25
117577,25
117578,25
117582,25
117588,25
117592,25
117596,25
117597,25
117603,25
117611,25
117613,25
117615,25
117617,25
117622,25
117624,25
117628,25
117629,25
117632,25
117633,25
117637,25
117640,25
117645,25
117646,25
117652,25
117654,25
117659,25
117662,25
117665,25
117670,25
117671,25
117674,25
117679,25
117681,25
117691,25
117694,25
117702,25
117706,25
117709,25
117711,25
117712,25
117713,25
117720,25
117721,25
117722,25
117728,25
117729,25
117734,25
117742,25
117748,25
117749,25
117756,25
117764,25
117768,25
117775,25
117776,25
117780,25
117783,25
117794,25
117796,25
117802,25
117805,25
117806,25
117807,25
117810,25
117811,25
117813,25
117816,25
117827,25
117832,25
117833,25
117840,25
117841,25
117844,25
117845,25
117846,25
117847,25
117852,25
117862,25
117869,25
117870,25
117873,25
117887,25
117890,25
117891,25
117894,25
117895,25
117896,25
117898,25
117904,25
117906,25
117907,25
117908,25
117910,25
117914,25
117917,25
117918,25
117921,25
117923,25
117924,25
117927,25
117930,25
117934,25
117937,25
117941,25
117946,25
117950,25
117959,25
117968,25
117976,25
117985,25
117998,25
118003,25
118007,25
118013,25
118022,25
118024,25
118026,25
118030,25
118031,25
118037,25
118040,25
118049,25
118050,25
118051,25
118053,25
118054,25
118060,25
118064,25
118065,25
118068,25
118069,25
118075,25
118076,25
118079,25
118087,25
118091,25
118094,25
118096,25
118101,25
118103,25
118105,25
118110,25
118111,25
118114,25
118115,25
118116,25
118119,25
118121,25
118123,25
118129,25
118130,25
118134,25
118135,25
118139,25
118141,25
118142,25
118151,25
118159,25
118163,25
118168,25
118170,25
118171,25
118175,25
118178,25
118183,25
118185,25
118192,25
118199,25
118200,25
118202,25
118210,25
118218,25
118224,25
118225,25
118228,25
118230,25
118238,25
118242,25
118244,25
118245,25
118246,25
118248,25
118250,25
118251,25
118257,25
118258,25
118262,25
118267,25
118268,25
118269,25
118272,25
118273,25
118276,25
118280,25
118287,25
118294,25
118297,25
118308,25
118312,25
118320,25
118324,25
118326,25
118327,25
118328,25
118332,25
118333,25
118336,25
118340,25
118344,25
118345,25
118346,25
118347,25
118349,25
118353,25
118354,25
118355,25
118361,25
118364,25
118371,25
118374,25
118376,25
118381,25
118387,25
118389,25
118393,25
118406,25
118411,25
118412,25
118413,25
118417,25
118418,25
118420,25
118421,25
118426,25
118431,25
118432,25
118435,25
118436,25
118437,25
118443,25
118445,25
118448,25
118453,25
118455,25
118456,25
118460,25
118464,25
118465,25
118472,25
118474,25
118481,25
118486,25
118489,25
118498,25
118500,25
118502,25
118505,25
118508,25
118509,25
118520,25
118521,25
118523,25
118527,25
118528,25
118530,25
118539,25
118543,25
118545,25
118546,25
118549,25
118552,25
118557,25
118566,25
118567,25
118568,25
118569,25
118579,25
118582,25
118583,25
118585,25
118587,25
118589,25
118593,25
118596,25
118599,25
118601,25
118603,25
118604,25
118606,25
118614,25
118618,25
118623,25
118625,25
118627,25
118632,25
118640,25
118643,25
118644,25
118646,25
118660,25
118661,25
118666,25
118668,25
118672,25
118673,25
118685,25
118688,25
118689,25
118691,25
118696,25
118698,25
118699,25
118709,25
118711,25
118712,25
118714,25
118723,25
118724,25
118727,25
118734,25
118738,25
118739,25
118745,25
118755,25
118759,25
118760,25
118761,25
118771,25
118775,25
118783,25
118785,25
118788,25
118792,25
118793,25
118794,25
118795,25
118799,25
118812,25
118821,25
118823,25
118828,25
118841,25
118842,25
118849,25
118850,25
118852,25
118853,25
118854,25
118855,25
118858,25
118859,25
118860,25
118861,25
118870,25
118876,25
118881,25
118889,25
118890,25
118892,25
118896,25
118897,25
118900,25
118902,25
118905,25
118921,25
118928,25
118929,25
118935,25
118940,25
118942,25
118947,25
118951,25
118953,25
118956,25
118959,25
118961,25
118963,25
118969,25
118971,25
118972,25
118976,25
118980,25
118981,25
118982,25
118983,25
118987,25
118989,25
118993,25
119000,25
119002,25
119003,25
119004,25
119006,25
119012,25
119013,25
119015,25
119020,25
119026,25
119027,25
119028,25
119030,25
119032,25
119039,25
119047,25
119050,25
119051,25
119052,25
119053,25
119055,25
119060,25
119077,25
119080,25
119082,25
119086,25
119087,25
119088,25
119090,25
119096,25
119099,25
119102,25
119103,25
119104,25
119106,25
119109,25
119110,25
119117,25
119121,25
119123,25
119124,25
119125,25
119135,25
119146,25
119147,25
119148,25
119152,25
119159,25
119160,25
119162,25
119164,25
119165,25
119169,25
119171,25
119174,25
119175,25
119179,25
119180,25
119181,25
119183,25
119185,25
119186,25
119190,25
119195,25
119196,25
119210,25
119212,25
119214,25
119219,25
119220,25
119224,25
119225,25
119226,25
119229,25
119232,25
119233,25
119235,25
119236,25
119237,25
119238,25
119242,25
119244,25
119255,25
119259,25
119263,25
119264,25
119265,25
119266,25
119270,25
119272,25
119275,25
119276,25
119277,25
119280,25
119286,25
119289,25
119293,25
119295,25
119296,25
119299,25
119315,25
119316,25
119317,25
119320,25
119322,25
119330,25
119348,25
119351,25
119353,25
119357,25
119360,25
119363,25
119366,25
119367,25
119370,25
119374,25
119376,25
119381,25
119384,25
119395,25
119397,25
119398,25
119408,25
119410,25
119415,25
119420,25
119422,25
119427,25
119433,25
119438,25
119439,25
119453,25
119455,25
119460,25
119466,25
119469,25
119475,25
119476,25
119481,25
119484,25
119485,25
119488,25
119492,25
119494,25
119510,25
119511,25
119513,25
119518,25
119530,25
119531,25
119533,25
119534,25
119536,25
119538,25
119540,25
119546,25
119558,25
119562,25
119564,25
119568,25
119569,25
119574,25
119578,25
119581,25
119583,25
119593,25
119599,25
119606,25
119616,25
119617,25
119618,25
119621,25
119626,25
119630,25
119632,25
119634,25
119638,25
119642,25
119643,25
119644,25
119646,25
119647,25
119650,25
119658,25
119660,25
119662,25
119671,25
119674,25
119678,25
119688,25
119691,25
119696,25
119698,25
119699,25
119707,25
119711,25
119715,25
119720,25
119725,25
119727,25
119733,25
119734,25
119735,25
119736,25
119740,25
119743,25
119747,25
119750,25
119765,25
119766,25
119769,25
119770,25
119773,25
119774,25
119775,25
119776,25
119777,25
119779,25
119780,25
119784,25
119786,25
119790,25
119793,25
119798,25
119813,25
119815,25
119816,25
119823,25
119824,25
119829,25
119833,25
119847,25
119848,25
119852,25
119854,25
119860,25
119864,25
119873,25
119874,25
119877,25
119879,25
119889,25
119898,25
119901,25
119907,25
119908,25
119917,25
119930,25
119934,25
119935,25
119943,25
119948,25
119951,25
119960,25
119973,25
119975,25
119979,25
119982,25
119984,25
119993,25
120004,25
120011,25
120014,25
120032,25
120035,25
120036,25
120038,25
120041,25
120042,25
120045,25
120048,25
120051,25
120052,25
120053,25
120059,25
120064,25
120068,25
120072,25
120082,25
120084,25
120087,25
120090,25
120094,25
120098,25
120101,25
120114,25
120119,25
120123,25
120128,25
120131,25
120136,25
120143,25
120144,25
120146,25
120148,25
120151,25
120154,25
120158,25
120159,25
120170,25
120171,25
120172,25
120173,25
120175,25
120177,25
120184,25
120185,25
120186,25
120191,25
120192,25
120198,25
120201,25
120203,25
120205,25
120206,25
120207,25
120208,25
120210,25
120216,25
120217,25
120219,25
120221,25
120223,25
120226,25
120229,25
120243,25
120247,25
120248,25
120250,25
120251,25
120252,25
120256,25
120258,25
120259,25
120263,25
120271,25
120272,25
120275,25
120276,25
120283,25
120284,25
120285,25
120288,25
120290,25
120293,25
120299,25
120300,25
120305,25
120306,25
120312,25
120314,25
120325,25
120333,25
120337,25
120339,25
120342,25
120345,25
120346,25
120347,25
120354,25
120355,25
120371,25
120372,25
120377,25
120380,25
120386,25
120387,25
120392,25
120394,25
120400,25
120403,25
120411,25
120412,25
120415,25
120418,25
120419,25
120423,25
120427,25
120430,25
120431,25
120440,25
120441,25
120443,25
120445,25
120447,25
120448,25
120453,25
120454,25
120456,25
120458,25
120461,25
120462,25
120475,25
120476,25
120479,25
120481,25
120483,25
120486,25
120495,25
120499,25
120501,25
120507,25
120510,25
120511,25
120519,25
120528,25
120534,25
120537,25
120542,25
120546,25
120554,25
120557,25
120558,25
120559,25
120562,25
120563,25
120567,25
120585,25
120592,25
120594,25
120595,25
120600,25
120607,25
120608,25
120627,25
120633,25
120635,25
120638,25
120639,25
120640,25
120642,25
120648,25
120659,25
120667,25
120668,25
120671,25
120688,25
120689,25
120690,25
120697,25
120702,25
120713,25
120718,25
120720,25
120723,25
120725,25
120734,25
120745,25
120750,25
120751,25
120754,25
120755,25
120758,25
120766,25
120767,25
120771,25
120773,25
120774,25
120779,25
120781,25
120788,25
120800,25
120803,25
120804,25
120805,25
120809,25
120813,25
120816,25
120822,25
120829,25
120831,25
120834,25
120839,25
120843,25
120844,25
120845,25
120846,25
120848,25
120849,25
120850,25
120859,25
120860,25
120861,25
120865,25
120867,25
120868,25
120869,25
120872,25
120875,25
120876,25
120877,25
120878,25
120881,25
120884,25
120889,25
120899,25
120908,25
120916,25
120917,25
120918,25
120919,25
120927,25
120928,25
120929,25
120935,25
120941,25
120943,25
120952,25
120953,25
120961,25
120965,25
120972,25
120974,25
120979,25
120985,25
120986,25
120987,25
120988,25
120991,25
121000,25
121005,25
121012,25
121016,25
121017,25
121019,25
121020,25
121021,25
121023,25
121026,25
121029,25
121035,25
121037,25
121038,25
121040,25
121053,25
121057,25
121058,25
121059,25
121063,25
121065,25
121068,25
121069,25
121079,25
121081,25
121082,25
121086,25
121088,25
121090,25
121092,25
121093,25
121095,25
121096,25
121104,25
121106,25
121107,25
121110,25
121111,25
121115,25
121116,25
121122,25
121125,25
121130,25
121132,25
121133,25
121146,25
121153,25
121157,25
121158,25
121159,25
121163,25
121166,25
121185,25
121188,25
121192,25
121199,25
121202,25
121205,25
121210,25
121213,25
121217,25
121218,25
121220,25
121224,25
121226,25
121231,25
121232,25
121240,25
121243,25
121244,25
121248,25
121249,25
121255,25
121258,25
121260,25
121262,25
121263,25
121271,25
121276,25
121277,25
121292,25
121293,25
121294,25
121297,25
121298,25
121305,25
121325,25
121331,25
121336,25
121341,25
121343,25
121344,25
121346,25
121349,25
121350,25
121351,25
121353,25
121359,25
121361,25
121366,25
121368,25
121370,25
121374,25
121376,25
121379,25
121381,25
121384,25
121388,25
121392,25
121395,25
121396,25
121398,25
121399,25
121410,25
121417,25
121418,25
121419,25
121422,25
121429,25
121431,25
121436,25
121440,25
121443,25
121446,25
121448,25
121450,25
121452,25
121458,25
121469,25
121474,25
121476,25
121479,25
121482,25
121488,25
121489,25
121492,25
121494,25
121502,25
121504,25
121505,25
121508,25
121512,25
121513,25
121514,25
121527,25
121529,25
121549,25
121553,25
121559,25
121561,25
121569,25
121572,25
121575,25
121578,25
121580,25
121585,25
121586,25
121588,25
121589,25
121590,25
121591,25
121592,25
121599,25
121600,25
121601,25
121607,25
121608,25
121609,25
121614,25
121615,25
121617,25
121618,25
121619,25
121629,25
121630,25
121631,25
121634,25
121642,25
121646,25
121647,25
121656,25
121658,25
121664,25
121688,25
121700,25
121706,25
121715,25
121718,25
121719,25
121725,25
121728,25
121734,25
121735,25
121740,25
121743,25
121757,25
121765,25
121770,25
121771,25
121781,25
121799,25
121801,25
121804,25
121805,25
121808,25
121816,25
121820,25
121825,25
121827,25
121829,25
121831,25
121833,25
121836,25
121839,25
121841,25
121845,25
121852,25
121854,25
121855,25
121858,25
121862,25
121863,25
121867,25
121868,25
121870,25
121872,25
121874,25
121875,25
121878,25
121879,25
121881,25
121884,25
121888,25
121890,25
121899,25
121903,25
121904,25
121911,25
121912,25
121917,25
121919,25
121924,25
121931,25
121934,25
121953,25
121954,25
121955,25
121956,25
121959,25
121963,25
121966,25
121967,25
121970,25
121976,25
121981,25
121990,25
121995,25
122007,25
122012,25
122013,25
122017,25
122031,25
122038,25
122044,25
122045,25
122046,25
122058,25
122061,25
122066,25
122070,25
122073,25
122082,25
122090,25
122103,25
122109,25
122112,25
122117,25
122123,25
122124,25
122125,25
122134,25
122138,25
122140,25
122145,25
122148,25
122149,25
122150,25
122151,25
122152,25
122154,25
122155,25
122161,25
122166,25
122175,25
122180,25
122183,25
122185,25
122187,25
122188,25
122191,25
122196,25
122199,25
122205,25
122206,25
122207,25
122213,25
122217,25
122218,25
122221,25
122222,25
122226,25
122228,25
122229,25
122230,25
122236,25
122237,25
122239,25
122241,25
122242,25
122251,25
122254,25
122255,25
122259,25
122267,25
122277,25
122280,25
122281,25
122283,25
122286,25
122289,25
122290,25
122292,25
122298,25
122311,25
122315,25
122316,25
122318,25
122324,25
122334,25
122335,25
122339,25
122341,25
122345,25
122348,25
122361,25
122362,25
122365,25
122367,25
122376,25
122378,25
122381,25
122383,25
122391,25
122393,25
122398,25
122402,25
122405,25
122406,25
122414,25
122415,25
122417,25
122420,25
122421,25
122424,25
122430,25
122438,25
122442,25
122444,25
122445,25
122447,25
122449,25
122454,25
122456,25
122457,25
122459,25
122460,25
122470,25
122476,25
122477,25
122478,25
122481,25
122482,25
122483,25
122489,25
122490,25
122491,25
122492,25
122502,25
122504,25
122509,25
122516,25
122517,25
122519,25
122520,25
122524,25
122529,25
122533,25
122536,25
122544,25
122545,25
122548,25
122549,25
122555,25
122565,25
122567,25
122569,25
122570,25
122571,25
122574,25
122577,25
122583,25
122584,25
122589,25
122593,25
122594,25
122605,25
122607,25
122612,25
122618,25
122622,25
122624,25
122627,25
122630,25
122631,25
122633,25
122649,25
122651,25
122657,25
122660,25
122663,25
122664,25
122666,25
122680,25
122683,25
122686,25
122689,25
122697,25
122700,25
122702,25
122706,25
122709,25
122715,25
122718,25
122724,25
122727,25
122730,25
122737,25
122740,25
122749,25
122750,25
122758,25
122759,25
122761,25
122765,25
122768,25
122771,25
122783,25
122790,25
122791,25
122793,25
122795,25
122796,25
122798,25
122800,25
122802,25
122805,25
122808,25
122810,25
122814,25
122816,25
122822,25
122824,25
122826,25
122827,25
122842,25
122844,25
122847,25
122848,25
122852,25
122857,25
122860,25
122867,25
122868,25
122870,25
122872,25
122873,25
122878,25
122881,25
122882,25
122886,25
122887,25
122894,25
122895,25
122907,25
122909,25
122912,25
122918,25
122922,25
122923,25
122924,25
122929,25
122938,25
122944,25
122945,25
122950,25
122953,25
122954,25
122956,25
122959,25
122960,25
122966,25
122976,25
122979,25
122983,25
122986,25
122993,25
122994,25
122997,25
122998,25
123002,25
123003,25
123010,25
123017,25
123018,25
123019,25
123038,25
123042,25
123047,25
123050,25
123051,25
123054,25
123055,25
123061,25
123063,25
123064,25
123065,25
123066,25
123068,25
123070,25
123071,25
123077,25
123080,25
123085,25
123089,25
123093,25
123096,25
123098,25
123102,25
123107,25
123111,25
123112,25
123118,25
123120,25
123131,25
123134,25
123135,25
123139,25
123159,25
123163,25
123167,25
123171,25
123173,25
123176,25
123177,25
123178,25
123179,25
123185,25
123188,25
123189,25
123190,25
123196,25
123199,25
123203,25
123207,25
123209,25
123211,25
123213,25
123214,25
123217,25
123222,25
123225,25
123228,25
123230,25
123231,25
123233,25
123236,25
123245,25
123254,25
123258,25
123262,25
123263,25
123265,25
123266,25
123274,25
123289,25
123292,25
123299,25
123315,25
123321,25
123323,25
123324,25
123328,25
123332,25
123333,25
123336,25
123337,25
123339,25
123341,25
123342,25
123354,25
123355,25
123357,25
123359,25
123360,25
123362,25
123368,25
123370,25
123383,25
123386,25
123392,25
123396,25
123399,25
123401,25
123404,25
123405,25
123417,25
123419,25
123420,25
123421,25
123422,25
123428,25
123429,25
123433,25
123434,25
123439,25
123449,25
123450,25
123454,25
123455,25
123457,25
123460,25
123465,25
123468,25
123469,25
123474,25
123476,25
123478,25
123486,25
123488,25
123498,25
123505,25
123506,25
123509,25
123510,25
123515,25
123523,25
123525,25
123528,25
123537,25
123547,25
123550,25
123553,25
123555,25
123556,25
123560,25
123561,25
123563,25
123567,25
123568,25
123576,25
123591,25
123594,25
123595,25
123601,25
123605,25
123606,25
123607,25
123608,25
123613,25
123620,25
123624,25
123632,25
123634,25
123639,25
123640,25
123642,25
123645,25
123647,25
123648,25
123657,25
123660,25
123661,25
123663,25
123666,25
123670,25
123671,25
123672,25
123674,25
123681,25
123686,25
123690,25
123696,25
123697,25
123698,25
123701,25
123714,25
123715,25
123717,25
123721,25
123724,25
123728,25
123729,25
123738,25
123740,25
123749,25
123763,25
123765,25
123766,25
123774,25
123779,25
123781,25
123785,25
123787,25
123788,25
123790,25
123793,25
123796,25
123798,25
123800,25
123801,25
123807,25
123817,25
123819,25
123828,25
123830,25
123831,25
123836,25
123838,25
123845,25
123849,25
123856,25
123858,25
123859,25
123868,25
123869,25
123880,25
123881,25
123886,25
123890,25
123892,25
123893,25
123895,25
123896,25
123904,25
123910,25
123920,25
123924,25
123926,25
123931,25
123940,25
123946,25
123947,25
123949,25
123955,25
123960,25
123972,25
123983,25
123986,25
123987,25
123991,25
123994,25
123995,25
123996,25
123999,25
124012,25
124017,25
124018,25
124020,25
124022,25
124023,25
124026,25
124033,25
124037,25
124044,25
124045,25
124047,25
124048,25
124051,25
124056,25
124057,25
124060,25
124061,25
124066,25
124070,25
124072,25
124075,25
124081,25
124085,25
124088,25
124090,25
124096,25
124107,25
124113,25
124114,25
124117,25
124118,25
124121,25
124123,25
124125,25
124126,25
124131,25
124142,25
124156,25
124158,25
124159,25
124162,25
124163,25
124178,25
124180,25
124187,25
124189,25
124201,25
124205,25
124211,25
124216,25
124228,25
124234,25
124241,25
124243,25
124250,25
124251,25
124255,25
124270,25
124272,25
124291,25
124293,25
124295,25
124302,25
124320,25
124326,25
124327,25
124330,25
124331,25
124335,25
124336,25
124337,25
124346,25
124353,25
124354,25
124356,25
124358,25
124364,25
124365,25
124366,25
124368,25
124371,25
124373,25
124375,25
124378,25
124382,25
124386,25
124389,25
124392,25
124396,25
124398,25
124400,25
124401,25
124403,25
124405,25
124414,25
124421,25
124422,25
124424,25
124425,25
124428,25
124431,25
124436,25
124437,25
124440,25
124441,25
124448,25
124451,25
124456,25
124460,25
124462,25
124464,25
124465,25
124471,25
124473,25
124474,25
124475,25
124477,25
124481,25
124483,25
124485,25
124487,25
124490,25
124497,25
124504,25
124507,25
124511,25
124513,25
124514,25
124515,25
124516,25
124523,25
124525,25
124526,25
124528,25
124532,25
124533,25
124534,25
124537,25
124539,25
124540,25
124542,25
124551,25
124552,25
124554,25
124565,25
124566,25
124577,25
124589,25
124590,25
124607,25
124608,25
124613,25
124615,25
124617,25
124621,25
124626,25
124627,25
124630,25
124631,25
124638,25
124662,25
124668,25
124671,25
124679,25
124687,25
124701,25
124703,25
124705,25
124717,25
124719,25
124720,25
124728,25
124729,25
124732,25
124734,25
124740,25
124743,25
124747,25
124748,25
124754,25
124755,25
124758,25
124759,25
124761,25
124763,25
124771,25
124773,25
124777,25
124785,25
124786,25
124791,25
124792,25
124796,25
124798,25
124806,25
124808,25
124813,25
124817,25
124818,25
124819,25
124826,25
124827,25
124828,25
124837,25
124840,25
124854,25
124856,25
124861,25
124866,25
124870,25
124876,25
124878,25
124880,25
124885,25
124887,25
124889,25
124896,25
124915,25
124916,25
124917,25
124918,25
124919,25
124922,25
124936,25
124940,25
124941,25
124950,25
124960,25
124963,25
124966,25
124978,25
124980,25
124988,25
124989,25
124994,25
125003,25
125004,25
125013,25
125015,25
125020,25
125024,25
125033,25
125035,25
125047,25
125051,25
125052,25
125061,25
125062,25
125063,25
125078,25
125079,25
125080,25
125084,25
125091,25
125094,25
125100,25
125101,25
125106,25
125107,25
125112,25
125116,25
125119,25
125124,25
125125,25
125129,25
125132,25
125135,25
125143,25
125144,25
125145,25
125151,25
125154,25
125156,25
125160,25
125166,25
125169,25
125174,25
125175,25
125176,25
125180,25
125185,25
125193,25
125198,25
125199,25
125201,25
125202,25
125204,25
125205,25
125208,25
125210,25
125211,25
125212,25
125216,25
125218,25
125222,25
125224,25
125229,25
125250,25
125251,25
125257,25
125259,25
125260,25
125270,25
125279,25
125284,25
125285,25
125287,25
125294,25
125307,25
125309,25
125310,25
125311,25
125313,25
125316,25
125321,25
125328,25
125330,25
125335,25
125336,25
125339,25
125345,25
125347,25
125350,25
125353,25
125354,25
125359,25
125360,25
125368,25
125372,25
125373,25
125379,25
125380,25
125381,25
125382,25
125388,25
125390,25
125391,25
125392,25
125394,25
125401,25
125404,25
125408,25
125415,25
125417,25
125421,25
125422,25
125432,25
125435,25
125437,25
125441,25
125446,25
125447,25
125450,25
125452,25
125458,25
125461,25
125466,25
125473,25
125474,25
125476,25
125481,25
125490,25
125492,25
125493,25
125496,25
125500,25
125503,25
125504,25
125505,25
125506,25
125509,25
125513,25
125514,25
125516,25
125520,25
125523,25
125526,25
125530,25
125531,25
125535,25
125537,25
125542,25
125543,25
125545,25
125555,25
125556,25
125557,25
125559,25
125561,25
125564,25
125572,25
125573,25
125582,25
125587,25
125593,25
125602,25
125603,25
125610,25
125616,25
125626,25
125627,25
125634,25
125635,25
125639,25
125642,25
125643,25
125645,25
125649,25
125650,25
125651,25
125652,25
125657,25
125659,25
125663,25
125667,25
125675,25
125701,25
125706,25
125708,25
125709,25
125711,25
125714,25
125719,25
125723,25
125728,25
125731,25
125735,25
125739,25
125742,25
125748,25
125751,25
125752,25
125754,25
125760,25
125766,25
125767,25
125768,25
125771,25
125775,25
125784,25
125788,25
125792,25
125804,25
125807,25
125816,25
125817,25
125818,25
125824,25
125829,25
125834,25
125839,25
125840,25
125855,25
125856,25
125858,25
125863,25
125865,25
125866,25
125884,25
125888,25
125889,25
125891,25
125894,25
125898,25
125899,25
125901,25
125916,25
125917,25
125919,25
125920,25
125926,25
125928,25
125932,25
125934,25
125935,25
125938,25
125947,25
125950,25
125958,25
125959,25
125962,25
125964,25
125971,25
125972,25
125973,25
125976,25
125980,25
125981,25
125983,25
125984,25
125986,25
125989,25
126003,25
126008,25
126012,25
126013,25
126016,25
126019,25
126021,25
126026,25
126027,25
126037,25
126043,25
126047,25
126048,25
126051,25
126053,25
126058,25
126060,25
126071,25
126072,25
126075,25
126076,25
126080,25
126085,25
126087,25
126088,25
126090,25
126094,25
126096,25
126105,25
126112,25
126113,25
126115,25
126117,25
126119,25
126126,25
126127,25
126138,25
126141,25
126143,25
126144,25
126146,25
126147,25
126149,25
126151,25
126152,25
126156,25
126157,25
126173,25
126176,25
126178,25
126179,25
126182,25
126183,25
126186,25
126189,25
126198,25
126202,25
126206,25
126209,25
126218,25
126220,25
126222,25
126227,25
126229,25
126234,25
126235,25
126236,25
126239,25
126240,25
126243,25
126246,25
126247,25
126249,25
126251,25
126252,25
126253,25
126254,25
126257,25
126261,25
126270,25
126272,25
126273,25
126276,25
126278,25
126279,25
126281,25
126283,25
126284,25
126289,25
126293,25
126298,25
126299,25
126300,25
126303,25
126305,25
126306,25
126308,25
126313,25
126314,25
126315,25
126316,25
126318,25
126320,25
126326,25
126331,25
126342,25
126345,25
126346,25
126358,25
126364,25
126374,25
126376,25
126381,25
126382,25
126383,25
126385,25
126387,25
126390,25
126399,25
126400,25
126405,25
126408,25
126415,25
126419,25
126422,25
126423,25
126426,25
126428,25
126430,25
126434,25
126438,25
126446,25
126450,25
126451,25
126454,25
126456,25
126461,25
126466,25
126467,25
126468,25
126469,25
126470,25
126474,25
126476,25
126480,25
126483,25
126486,25
126488,25
126492,25
126499,25
126500,25
126501,25
126503,25
126506,25
126511,25
126512,25
126515,25
126518,25
126520,25
126531,25
126536,25
126538,25
126550,25
126551,25
126555,25
126557,25
126573,25
126574,25
126576,25
126580,25
126583,25
126590,25
126598,25
126610,25
126621,25
126624,25
126630,25
126633,25
126638,25
126639,25
126643,25
126649,25
126650,25
126653,25
126657,25
126658,25
126659,25
126661,25
126675,25
126696,25
126697,25
126698,25
126702,25
126707,25
126709,25
126713,25
126723,25
126730,25
126731,25
126733,25
126736,25
126738,25
126742,25
126743,25
126745,25
126751,25
126756,25
126757,25
126759,25
126768,25
126773,25
126784,25
126790,25
126794,25
126797,25
126804,25
126805,25
126808,25
126810,25
126816,25
126818,25
126819,25
126828,25
126829,25
126832,25
126833,25
126839,25
126842,25
126844,25
126855,25
126856,25
126861,25
126865,25
126871,25
126874,25
126875,25
126877,25
126878,25
126881,25
126883,25
126887,25
126892,25
126900,25
126903,25
126909,25
126911,25
126913,25
126926,25
126935,25
126948,25
126952,25
126953,25
126954,25
126955,25
126959,25
126960,25
126964,25
126966,25
126967,25
126971,25
126972,25
126974,25
126981,25
126988,25
126995,25
126999,25
127001,25
127002,25
127003,25
127008,25
127010,25
127014,25
127016,25
127022,25
127028,25
127039,25
127041,25
127047,25
127048,25
127051,25
127066,25
127067,25
127068,25
127070,25
127071,25
127089,25
127092,25
127095,25
127098,25
127107,25
127108,25
127111,25
127112,25
127122,25
127128,25
127129,25
127133,25
127135,25
127138,25
127140,25
127146,25
127151,25
127153,25
127159,25
127167,25
127168,25
127169,25
127174,25
127183,25
127184,25
127189,25
127193,25
127196,25
127199,25
127203,25
127212,25
127217,25
127220,25
127224,25
127226,25
127227,25
127233,25
127238,25
127240,25
127241,25
127243,25
127245,25
127246,25
127248,25
127251,25
127252,25
127255,25
127256,25
127264,25
127267,25
127268,25
127274,25
127286,25
127290,25
127292,25
127297,25
127306,25
127321,25
127322,25
127323,25
127324,25
127328,25
127329,25
127332,25
127334,25
127335,25
127336,25
127338,25
127345,25
127347,25
127349,25
127352,25
127355,25
127359,25
127368,25
127382,25
127384,25
127385,25
127391,25
127392,25
127393,25
127406,25
127407,25
127408,25
127409,25
127415,25
127419,25
127420,25
127422,25
127423,25
127425,25
127428,25
127431,25
127436,25
127441,25
127444,25
127446,25
127450,25
127455,25
127460,25
127461,25
127464,25
127476,25
127479,25
127482,25
127486,25
127492,25
127493,25
127494,25
127501,25
127502,25
127508,25
127509,25
127514,25
127517,25
127526,25
127528,25
127537,25
127539,25
127540,25
127549,25
127552,25
127554,25
127559,25
127560,25
127561,25
127562,25
127563,25
127564,25
127571,25
127572,25
127577,25
127579,25
127580,25
127581,25
127582,25
127584,25
127586,25
127595,25
127598,25
127601,25
127616,25
127620,25
127622,25
127623,25
127625,25
127629,25
127632,25
127633,25
127635,25
127638,25
127640,25
127645,25
127657,25
127658,25
127660,25
127663,25
127667,25
127672,25
127677,25
127678,25
127685,25
127693,25
127696,25
127698,25
127699,25
127700,25
127703,25
127704,25
127709,25
127716,25
127718,25
127722,25
127724,25
127725,25
127731,25
127733,25
127737,25
127738,25
127740,25
127742,25
127743,25
127760,25
127762,25
127764,25
127766,25
127769,25
127772,25
127774,25
127775,25
127794,25
127801,25
127803,25
127808,25
127810,25
127820,25
127823,25
127825,25
127826,25
127831,25
127835,25
127838,25
127840,25
127844,25
127846,25
127849,25
127860,25
127873,25
127875,25
127876,25
127877,25
127885,25
127886,25
127895,25
127899,25
127902,25
127906,25
127913,25
127915,25
127916,25
127917,25
127921,25
127925,25
127943,25
127945,25
127953,25
127960,25
127963,25
127966,25
127970,25
127972,25
127973,25
127976,25
127980,25
127994,25
128004,25
128023,25
128024,25
128025,25
128026,25
128028,25
128029,25
128031,25
128039,25
128040,25
128041,25
128045,25
128056,25
128059,25
128061,25
128062,25
128072,25
128082,25
128084,25
128089,25
128090,25
128092,25
128099,25
128104,25
128105,25
128107,25
128112,25
128116,25
128118,25
128121,25
128123,25
128125,25
128126,25
128132,25
128135,25
128137,25
128138,25
128142,25
128147,25
128148,25
128150,25
128151,25
128164,25
128175,25
128182,25
128184,25
128185,25
128189,25
128195,25
128197,25
128205,25
128209,25
128215,25
128230,25
128233,25
128235,25
128238,25
128242,25
128249,25
128252,25
128253,25
128255,25
128257,25
128258,25
128262,25
128266,25
128267,25
128269,25
128270,25
128271,25
128274,25
128276,25
128281,25
128282,25
128299,25
128300,25
128311,25
128314,25
128316,25
128318,25
128321,25
128323,25
128325,25
128329,25
128336,25
128341,25
128347,25
128352,25
128353,25
128355,25
128358,25
128360,25
128362,25
128367,25
128369,25
128371,25
128373,25
128374,25
128375,25
128376,25
128381,25
128384,25
128390,25
128392,25
128399,25
128400,25
128402,25
128411,25
128414,25
128421,25
128424,25
128425,25
128427,25
128428,25
128430,25
128435,25
128449,25
128451,25
128463,25
128469,25
128470,25
128472,25
128474,25
128475,25
128477,25
128483,25
128489,25
128492,25
128494,25
128498,25
128499,25
128503,25
128506,25
128507,25
128509,25
128512,25
128515,25
128520,25
128521,25
128522,25
128524,25
128525,25
128534,25
128535,25
128537,25
128551,25
128552,25
128560,25
128563,25
128568,25
128571,25
128585,25
128604,25
128605,25
128609,25
128618,25
128620,25
128622,25
128624,25
128625,25
128633,25
128649,25
128650,25
128653,25
128666,25
128669,25
128671,25
128674,25
128675,25
128676,25
128678,25
128684,25
128691,25
128707,25
128708,25
128709,25
128711,25
128714,25
128719,25
128720,25
128723,25
128725,25
128726,25
128727,25
128728,25
128741,25
128744,25
128749,25
128757,25
128759,25
128766,25
128768,25
128772,25
128773,25
128775,25
128778,25
128781,25
128782,25
128788,25
128791,25
128792,25
128802,25
128806,25
128811,25
128823,25
128833,25
128835,25
128836,25
128837,25
128839,25
128843,25
128850,25
128852,25
128857,25
128862,25
128863,25
128864,25
128866,25
128869,25
128870,25
128873,25
128874,25
128875,25
128876,25
128878,25
128879,25
128887,25
128892,25
128894,25
128901,25
128902,25
128906,25
128916,25
128924,25
128931,25
128933,25
128940,25
128946,25
128952,25
128953,25
128954,25
128958,25
128960,25
128963,25
128967,25
128968,25
128970,25
128976,25
128977,25
128980,25
128982,25
128983,25
128991,25
128993,25
128994,25
128997,25
128998,25
129003,25
129011,25
129015,25
129024,25
129025,25
129036,25
129039,25
129041,25
129043,25
129044,25
129047,25
129050,25
129053,25
129054,25
129055,25
129056,25
129059,25
129060,25
129070,25
129074,25
129076,25
129080,25
129092,25
129093,25
129100,25
129101,25
129115,25
129120,25
129125,25
129130,25
129135,25
129140,25
129143,25
129150,25
129151,25
129153,25
129155,25
129156,25
129157,25
129160,25
129165,25
129167,25
129190,25
129193,25
129202,25
129204,25
129213,25
129215,25
129216,25
129217,25
129218,25
129219,25
129223,25
129226,25
129230,25
129234,25
129235,25
129236,25
129239,25
129241,25
129247,25
129251,25
129256,25
129261,25
129262,25
129268,25
129280,25
129283,25
129288,25
129301,25
129302,25
129304,25
129305,25
129308,25
129309,25
129312,25
129313,25
129319,25
129321,25
129322,25
129328,25
129330,25
129335,25
129339,25
129344,25
129345,25
129347,25
129348,25
129354,25
129355,25
129360,25
129361,25
129363,25
129364,25
129369,25
129371,25
129377,25
129378,25
129379,25
129380,25
129382,25
129387,25
129388,25
129394,25
129400,25
129409,25
129417,25
129421,25
129430,25
129431,25
129433,25
129436,25
129438,25
129440,25
129446,25
129449,25
129456,25
129459,25
129464,25
129465,25
129473,25
129474,25
129478,25
129480,25
129483,25
129496,25
129502,25
129507,25
129509,25
129510,25
129515,25
129516,25
129521,25
129525,25
129532,25
129534,25
129542,25
129545,25
129547,25
129549,25
129551,25
129556,25
129560,25
129562,25
129563,25
129568,25
129574,25
129575,25
129580,25
129592,25
129595,25
129596,25
129599,25
129602,25
129605,25
129607,25
129610,25
129612,25
129617,25
129624,25
129627,25
129630,25
129631,25
129633,25
129635,25
129636,25
129638,25
129640,25
129644,25
129649,25
129650,25
129656,25
129657,25
129661,25
129662,25
129665,25
129667,25
129668,25
129671,25
129676,25
129680,25
129683,25
129685,25
129689,25
129691,25
129692,25
129698,25
129701,25
129702,25
129705,25
129712,25
129714,25
129721,25
129723,25
129724,25
129728,25
129732,25
129738,25
129740,25
129743,25
129755,25
129758,25
129759,25
129760,25
129762,25
129763,25
129768,25
129774,25
129776,25
129779,25
129792,25
129793,25
129795,25
129796,25
129798,25
129801,25
129802,25
129809,25
129813,25
129817,25
129820,25
129821,25
129828,25
129830,25
129831,25
129833,25
129840,25
129843,25
129844,25
129847,25
129848,25
129855,25
129857,25
129858,25
129862,25
129864,25
129878,25
129879,25
129883,25
129896,25
129900,25
129905,25
129907,25
129908,25
129910,25
129914,25
129916,25
129920,25
129921,25
129925,25
129928,25
129930,25
129931,25
129932,25
129933,25
129938,25
129940,25
129943,25
129944,25
129945,25
129946,25
129948,25
129949,25
129950,25
129954,25
129957,25
129961,25
129975,25
129996,25
129998,25
130002,25
130003,25
130010,25
130014,25
130015,25
130017,25
130024,25
130031,25
130045,25
130052,25
130056,25
130061,25
130070,25
130072,25
130083,25
130085,25
130087,25
130088,25
130105,25
130108,25
130109,25
130112,25
130115,25
130120,25
130127,25
130129,25
130131,25
130135,25
130138,25
130140,25
130142,25
130144,25
130150,25
130158,25
130159,25
130162,25
130166,25
130175,25
130176,25
130182,25
130183,25
130185,25
130187,25
130191,25
130193,25
130194,25
130197,25
130206,25
130210,25
130212,25
130214,25
130222,25
130224,25
130226,25
130230,25
130235,25
130246,25
130251,25
130252,25
130255,25
130256,25
130258,25
130260,25
130269,25
130273,25
130278,25
130283,25
130285,25
130289,25
130290,25
130294,25
130299,25
130304,25
130307,25
130313,25
130315,25
130317,25
130319,25
130323,25
130324,25
130325,25
130326,25
130328,25
130330,25
130332,25
130336,25
130337,25
130339,25
130342,25
130346,25
130352,25
130353,25
130357,25
130360,25
130361,25
130364,25
130370,25
130382,25
130384,25
130385,25
130390,25
130393,25
130394,25
130398,25
130405,25
130406,25
130408,25
130410,25
130411,25
130415,25
130422,25
130425,25
130429,25
130434,25
130441,25
130443,25
130444,25
130445,25
130448,25
130454,25
130471,25
130472,25
130474,25
130476,25
130480,25
130482,25
130484,25
130487,25
130491,25
130492,25
130500,25
130503,25
130506,25
130507,25
130510,25
130515,25
130517,25
130521,25
130534,25
130539,25
130540,25
130550,25
130552,25
130556,25
130558,25
130559,25
130561,25
130574,25
130582,25
130584,25
130587,25
130588,25
130590,25
130591,25
130593,25
130594,25
130596,25
130603,25
130608,25
130611,25
130612,25
130614,25
130616,25
130625,25
130628,25
130629,25
130630,25
130632,25
130633,25
130634,25
130635,25
130642,25
130644,25
130646,25
130647,25
130648,25
130658,25
130660,25
130664,25
130673,25
130682,25
130684,25
130686,25
130689,25
130693,25
130700,25
130724,25
130727,25
130728,25
130735,25
130737,25
130742,25
130743,25
130748,25
130751,25
130752,25
130758,25
130774,25
130778,25
130784,25
130785,25
130786,25
130787,25
130788,25
130793,25
130802,25
130808,25
130809,25
130811,25
130816,25
130819,25
130820,25
130825,25
130836,25
130840,25
130842,25
130843,25
130844,25
130848,25
130857,25
130862,25
130866,25
130871,25
130872,25
130878,25
130880,25
130882,25
130883,25
130884,25
130887,25
130888,25
130890,25
130899,25
130906,25
130908,25
130911,25
130917,25
130924,25
130926,25
130927,25
130935,25
130938,25
130939,25
130942,25
130947,25
130948,25
130968,25
130973,25
130980,25
130982,25
130988,25
130992,25
130997,25
131005,25
131008,25
131011,25
131022,25
131026,25
131031,25
131034,25
131036,25
131044,25
131051,25
131058,25
131061,25
131062,25
131063,25
131064,25
131067,25
131070,25
131083,25
131086,25
131088,25
131089,25
131091,25
131092,25
131094,25
131099,25
131103,25
131108,25
131110,25
131112,25
131113,25
131114,25
131118,25
131120,25
131124,25
131125,25
131132,25
131136,25
131139,25
131143,25
131148,25
131149,25
131163,25
131165,25
131169,25
131172,25
131180,25
131192,25
131193,25
131200,25
131211,25
131212,25
131215,25
131220,25
131223,25
131224,25
131230,25
131231,25
131232,25
131236,25
131240,25
131252,25
131253,25
131255,25
131256,25
131257,25
131258,25
131261,25
131262,25
131266,25
131273,25
131281,25
131284,25
131292,25
131297,25
131298,25
131304,25
131311,25
131314,25
131315,25
131325,25
131328,25
131333,25
131336,25
131337,25
131345,25
131347,25
131350,25
131353,25
131354,25
131356,25
131364,25
131365,25
131366,25
131370,25
131383,25
131385,25
131395,25
131399,25
131401,25
131404,25
131415,25
131419,25
131436,25
131437,25
131439,25
131446,25
131447,25
131449,25
131459,25
131460,25
131463,25
131465,25
131479,25
131487,25
131491,25
131494,25
131497,25
131503,25
131506,25
131508,25
131512,25
131514,25
131520,25
131521,25
131525,25
131526,25
131539,25
131540,25
131546,25
131547,25
131559,25
131562,25
131563,25
131567,25
131568,25
131578,25
131579,25
131580,25
131591,25
131595,25
131598,25
131600,25
131601,25
131602,25
131606,25
131616,25
131623,25
131626,25
131627,25
131629,25
131630,25
131636,25
131640,25
131656,25
131660,25
131661,25
131663,25
131664,25
131665,25
131666,25
131670,25
131672,25
131676,25
131677,25
131684,25
131690,25
131698,25
131699,25
131700,25
131708,25
131713,25
131716,25
131731,25
131733,25
131736,25
131744,25
131745,25
131747,25
131748,25
131761,25
131781,25
131786,25
131790,25
131791,25
131798,25
131799,25
131800,25
131802,25
131803,25
131805,25
131808,25
131813,25
131814,25
131819,25
131823,25
131837,25
131860,25
131874,25
131877,25
131880,25
131881,25
131885,25
131886,25
131889,25
131891,25
131901,25
131905,25
131906,25
131907,25
131912,25
131914,25
131915,25
131917,25
131919,25
131920,25
131923,25
131929,25
131930,25
131935,25
131938,25
131940,25
131941,25
131943,25
131951,25
131953,25
131961,25
131970,25
131972,25
131974,25
131981,25
131985,25
131996,25
131999,25
132005,25
132006,25
132007,25
132008,25
132009,25
132010,25
132011,25
132012,25
132018,25
132024,25
132030,25
132036,25
132037,25
132040,25
132046,25
132048,25
132053,25
132060,25
132064,25
132073,25
132079,25
132081,25
132086,25
132101,25
132114,25
132119,25
132121,25
132125,25
132128,25
132130,25
132135,25
132136,25
132139,25
132144,25
132157,25
132162,25
132164,25
132170,25
132173,25
132174,25
132175,25
132181,25
132195,25
132211,25
132221,25
132225,25
132226,25
132232,25
132234,25
132238,25
132239,25
132243,25
132244,25
132246,25
132249,25
132255,25
132256,25
132258,25
132259,25
132260,25
132261,25
132266,25
132270,25
132271,25
132274,25
132282,25
132285,25
132291,25
132301,25
132303,25
132304,25
132308,25
132309,25
132311,25
132315,25
132318,25
132321,25
132330,25
132337,25
132346,25
132350,25
132355,25
132356,25
132362,25
132372,25
132377,25
132380,25
132382,25
132384,25
132386,25
132390,25
132391,25
132395,25
132398,25
132403,25
132407,25
132417,25
132422,25
132428,25
132443,25
132445,25
132447,25
132458,25
132460,25
132463,25
132466,25
132468,25
132470,25
132471,25
132472,25
132475,25
132476,25
132479,25
132480,25
132484,25
132486,25
132502,25
132513,25
132519,25
132522,25
132525,25
132526,25
132529,25
132530,25
132534,25
132535,25
132537,25
132545,25
132554,25
132555,25
132560,25
132571,25
132582,25
132587,25
132594,25
132596,25
132597,25
132601,25
132604,25
132609,25
132612,25
132617,25
132618,25
132621,25
132624,25
132631,25
132636,25
132638,25
132640,25
132641,25
132643,25
132648,25
132654,25
132662,25
132663,25
132665,25
132670,25
132672,25
132678,25
132679,25
132690,25
132703,25
132704,25
132709,25
132715,25
132718,25
132727,25
132730,25
132736,25
132740,25
132743,25
132756,25
132760,25
132766,25
132767,25
132769,25
132772,25
132779,25
132788,25
132790,25
132795,25
132797,25
132799,25
132800,25
132803,25
132808,25
132817,25
132822,25
132827,25
132830,25
132836,25
132839,25
132843,25
132846,25
132856,25
132860,25
132864,25
132865,25
132866,25
132873,25
132875,25
132890,25
132891,25
132892,25
132900,25
132903,25
132905,25
132909,25
132911,25
132912,25
132918,25
132919,25
132921,25
132923,25
132926,25
132935,25
132939,25
132941,25
132951,25
132954,25
132957,25
132967,25
132972,25
132978,25
132988,25
132991,25
132998,25
133004,25
133010,25
133011,25
133014,25
133016,25
133020,25
133025,25
133026,25
133030,25
133034,25
133038,25
133039,25
133043,25
133044,25
133046,25
133047,25
133049,25
133051,25
133060,25
133062,25
133064,25
133065,25
133069,25
133071,25
133072,25
133073,25
133077,25
133080,25
133082,25
133084,25
133088,25
133089,25
133092,25
133095,25
133096,25
133102,25
133108,25
133110,25
133118,25
133121,25
133127,25
133131,25
133135,25
133137,25
133138,25
133142,25
133144,25
133152,25
133158,25
133160,25
133161,25
133162,25
133164,25
133165,25
133171,25
133196,25
133197,25
133198,25
133201,25
133202,25
133209,25
133217,25
133218,25
133219,25
133220,25
133224,25
133226,25
133229,25
133231,25
133237,25
133242,25
133244,25
133252,25
133253,25
133260,25
133264,25
133271,25
133273,25
133275,25
133277,25
133279,25
133280,25
133282,25
133290,25
133297,25
133298,25
133301,25
133302,25
133304,25
133309,25
133312,25
133315,25
133316,25
133320,25
133323,25
133333,25
133340,25
133348,25
133351,25
133352,25
133358,25
133363,25
133365,25
133366,25
133371,25
133380,25
133381,25
133382,25
133391,25
133394,25
133399,25
133402,25
133409,25
133420,25
133427,25
133436,25
133439,25
133445,25
133446,25
133450,25
133454,25
133459,25
133462,25
133465,25
133467,25
133477,25
133483,25
133485,25
133486,25
133491,25
133492,25
133503,25
133506,25
133509,25
133513,25
133515,25
133520,25
133528,25
133530,25
133534,25
133537,25
133538,25
133547,25
133548,25
133551,25
133554,25
133557,25
133560,25
133566,25
133569,25
133570,25
133573,25
133574,25
133578,25
133581,25
133582,25
133584,25
133586,25
133591,25
133594,25
133595,25
133599,25
133601,25
133604,25
133617,25
133623,25
133624,25
133627,25
133631,25
133635,25
133636,25
133646,25
133647,25
133650,25
133654,25
133655,25
133662,25
133665,25
133667,25
133668,25
133673,25
133676,25
133686,25
133690,25
133698,25
133701,25
133702,25
133705,25
133712,25
133714,25
133720,25
133722,25
133736,25
133740,25
133743,25
133744,25
133746,25
133747,25
133748,25
133752,25
133753,25
133754,25
133755,25
133757,25
133760,25
133762,25
133769,25
133770,25
133772,25
133773,25
133777,25
133778,25
133782,25
133783,25
133788,25
133790,25
133798,25
133801,25
133810,25
133811,25
133819,25
133821,25
133825,25
133827,25
133828,25
133837,25
133846,25
133847,25
133851,25
133855,25
133857,25
133869,25
133873,25
133874,25
133875,25
133882,25
133886,25
133890,25
133897,25
133899,25
133901,25
133903,25
133908,25
133910,25
133919,25
133933,25
133938,25
133940,25
133942,25
133949,25
133954,25
133955,25
133956,25
133960,25
133977,25
133980,25
133986,25
133989,25
133990,25
133996,25
134004,25
134011,25
134018,25
134019,25
134023,25
134024,25
134025,25
134030,25
134044,25
134045,25
134048,25
134049,25
134054,25
134055,25
134066,25
134072,25
134073,25
134076,25
134081,25
134083,25
134086,25
134092,25
134094,25
134103,25
134104,25
134110,25
134111,25
134120,25
134128,25
134130,25
134134,25
134137,25
134139,25
134148,25
134152,25
134155,25
134158,25
134161,25
134164,25
134165,25
134172,25
134180,25
134185,25
134186,25
134190,25
134192,25
134193,25
134201,25
134208,25
134213,25
134217,25
134221,25
134222,25
134225,25
134227,25
134235,25
134237,25
134238,25
134243,25
134249,25
134251,25
134256,25
134260,25
134265,25
134266,25
134268,25
134273,25
134274,25
134282,25
134288,25
134290,25
134292,25
134297,25
134298,25
134304,25
134311,25
134321,25
134328,25
134329,25
134335,25
134336,25
134337,25
134345,25
134346,25
134353,25
134360,25
134361,25
134366,25
134367,25
134368,25
134369,25
134371,25
134372,25
134384,25
134391,25
134392,25
134395,25
134401,25
134405,25
134408,25
134412,25
134413,25
134415,25
134423,25
134429,25
134436,25
134439,25
134465,25
134466,25
134484,25
134486,25
134489,25
134491,25
134497,25
134500,25
134506,25
134512,25
134514,25
134517,25
134518,25
134520,25
134524,25
134532,25
134534,25
134540,25
134549,25
134550,25
134551,25
134554,25
134557,25
134559,25
134581,25
134584,25
134603,25
134604,25
134606,25
134609,25
134611,25
134617,25
134618,25
134619,25
134623,25
134627,25
134630,25
134640,25
134643,25
134645,25
134646,25
134648,25
134649,25
134656,25
134658,25
134661,25
134668,25
134670,25
134671,25
134672,25
134674,25
134682,25
134684,25
134688,25
134693,25
134694,25
134696,25
134700,25
134701,25
134709,25
134716,25
134717,25
134720,25
134724,25
134726,25
134728,25
134729,25
134734,25
134735,25
134736,25
134737,25
134757,25
134763,25
134764,25
134766,25
134772,25
134775,25
134786,25
134787,25
134788,25
134789,25
134796,25
134799,25
134804,25
134805,25
134810,25
134814,25
134823,25
134824,25
134833,25
134837,25
134838,25
134843,25
134847,25
134849,25
134851,25
134856,25
134857,25
134860,25
134861,25
134863,25
134870,25
134872,25
134880,25
134883,25
134887,25
134891,25
134906,25
134908,25
134912,25
134918,25
134920,25
134922,25
134924,25
134925,25
134926,25
134929,25
134931,25
134934,25
134939,25
134949,25
134952,25
134955,25
134958,25
134962,25
134965,25
134966,25
134975,25
134988,25
134993,25
134996,25
135006,25
135007,25
135010,25
135013,25
135015,25
135016,25
135020,25
135021,25
135030,25
135032,25
135042,25
135045,25
135049,25
135061,25
135062,25
135069,25
135072,25
135074,25
135087,25
135090,25
135091,25
135092,25
135094,25
135099,25
135102,25
135104,25
135109,25
135115,25
135116,25
135119,25
135123,25
135124,25
135131,25
135137,25
135138,25
135146,25
135149,25
135154,25
135156,25
135166,25
135169,25
135171,25
135180,25
135184,25
135191,25
135199,25
135201,25
135207,25
135225,25
135227,25
135228,25
135230,25
135234,25
135235,25
135236,25
135238,25
135245,25
135252,25
135254,25
135255,25
135257,25
135263,25
135264,25
135275,25
135276,25
135278,25
135280,25
135285,25
135293,25
135294,25
135295,25
135310,25
135317,25
135318,25
135319,25
135321,25
135330,25
135332,25
135333,25
135335,25
135339,25
135346,25
135349,25
135355,25
135357,25
135365,25
135366,25
135370,25
135376,25
135383,25
135384,25
135385,25
135388,25
135392,25
135395,25
135413,25
135420,25
135421,25
135424,25
135432,25
135434,25
135441,25
135445,25
135446,25
135450,25
135451,25
135459,25
135469,25
135470,25
135477,25
135478,25
135487,25
135488,25
135491,25
135494,25
135499,25
135515,25
135516,25
135518,25
135521,25
135530,25
135531,25
135534,25
135535,25
135537,25
135541,25
135542,25
135543,25
135544,25
135563,25
135564,25
135574,25
135582,25
135585,25
135592,25
135593,25
135595,25
135600,25
135603,25
135604,25
135607,25
135608,25
135612,25
135613,25
135618,25
135620,25
135623,25
135624,25
135634,25
135646,25
135649,25
135650,25
135668,25
135670,25
135672,25
135673,25
